child,comp[T.WH],embpred[T.True],embsubj[T.True],embtense[T.TENSED],embtense[T.TO],itr,obj[T.True],prep1[T.True],sentence
andy,0.4977045369180756,0.5008271158636088,0.49535104581490186,0.4970361650379661,0.4989525805643462,0,0.4942553776333458,0.5010617338200845,0
andy,0.5063249534297201,0.4966642343814156,0.498259003508384,0.5009177740118304,0.5003757112562196,0,0.49960601978120706,0.5028919493203038,0
andy,0.5016312415849363,0.5005653352073327,0.49952525210627136,0.4969160900892097,0.4964126354762318,0,0.4972786559186116,0.497149628991338,0
andy,0.4999198269298452,0.49902410483044596,0.498019196179772,0.4980166241545061,0.49828846652929715,0,0.4979664211890497,0.49838936620636415,0
andy,0.498777553384624,0.5035475754544206,0.5032660723775605,0.5005313390510089,0.49973673769974575,0,0.5004405648566674,0.49958115144690857,0
andy,0.49950905319098016,0.4978473153309712,0.49981674692442607,0.5017757181049532,0.4982967432374396,0,0.49571010718256725,0.5005905827881577,0
andy,0.5012496753950971,0.4974478109557338,0.49767022829314045,0.5029102124524008,0.5014626791579985,0,0.502143042585538,0.5006312833973825,0
andy,0.4978748547457537,0.5029693224276864,0.4980493405646868,0.4981016140092097,0.5007414373063658,0,0.49684382739763233,0.5007059406816927,0
andy,0.0036571044615855055,0.9963181919683766,0.9962703292630125,0.9962868891946286,0.0037135050595114086,0,0.00413769340014955,0.0038674165028374156,1
andy,0.012775750625974091,0.9869274545843737,0.013526772229469783,0.013755864001121972,0.01376606682653717,0,0.019611077104624033,0.015308279662171414,1
andy,0.24976931092707153,0.6437311722235383,0.45594179768613735,0.5003837128964556,0.4746238130955891,0,0.9451088566447734,0.7894898498797821,1
andy,0.24724931640347314,0.6417556457470517,0.450799476154701,0.501309883004533,0.48287663735459635,0,0.9453868761532765,0.7895447517953941,1
andy,0.242944546357797,0.6539763152611058,0.46133828247934466,0.5059000759310222,0.4922601684006324,0,0.945908280489144,0.791994722676949,1
andy,0.24668933200841905,0.6377813148128576,0.45593823470504263,0.5119024950313925,0.4796679150201426,0,0.9447917538319937,0.7936519439607542,1
andy,0.24782500118160625,0.6392946722303453,0.44807433051161755,0.5115448185927016,0.4942925571360215,0,0.946113357507754,0.7929744424650608,1
andy,0.24419347675150274,0.6500638176583634,0.4510197945076084,0.5018225486638753,0.488420367256063,0,0.9450346393026187,0.7928915856746453,1
andy,0.0005524706109972087,0.9994372203313017,0.9994327505849881,0.9994343561754498,0.0005580692310224433,0,0.0006170210803525174,0.0005800686093342247,2
andy,0.0017903556233917195,0.9980792082742477,0.0018935569181598672,0.0019242469901384854,0.002102030815384616,0,0.002724718374447599,0.0020975798459923543,2
andy,0.0418317562026553,0.42577550077297455,0.1465265051039378,0.16178332124420822,0.22624232107477257,0,0.9902089792614728,0.8657194988038117,2
andy,0.04119410713197055,0.4249960454653091,0.14041165083343435,0.15988649817621098,0.2503760115070914,0,0.9902671671858111,0.8628470037054606,2
andy,0.039808001388805386,0.4661005946905042,0.1448920115126314,0.16087745449170504,0.2835098265352481,0,0.9903571532652793,0.865259097889574,2
andy,0.041261192501577885,0.40929425137457415,0.1467490968649424,0.17180137645106464,0.2330962179227807,0,0.9901494757524165,0.8733011202368834,2
andy,0.04094774233381865,0.42066135313054537,0.13674338695705296,0.16624850110102074,0.2808297600831192,0,0.9903978717352306,0.8676050146394827,2
andy,0.04049286183949478,0.4539380459164917,0.14003655887851596,0.15978624735212665,0.2665377560988765,0,0.990190548278206,0.8687028557724936,2
andy,9.64124510400662e-05,0.9999022810779855,0.999901568447873,0.9999018348998157,9.63627960491698e-05,0,0.00010626255611190106,0.00010020409042386214,3
andy,0.00031107103674774114,0.9996699039583025,0.00032125376419785557,0.00032734758861800326,0.0003705787773745786,0,0.0004672190561737478,0.00035463289004816615,3
andy,0.010197929088226913,0.07424354542457157,0.022379561698315398,0.024712938748518785,0.07064694522351686,0,0.9983029016339997,0.9063691406859298,3
andy,0.0099100826914909,0.07469276479390177,0.021285208699314582,0.02429124170222074,0.09781833013042537,0,0.9983129834876232,0.8964545123864837,3
andy,0.009227087764366796,0.0891193857778099,0.021680481253954605,0.024367110222643054,0.18648697547286466,0,0.9983274077997067,0.89784059441336,3
andy,0.00995786854174168,0.07031666990403228,0.022416592721627816,0.026220616484516433,0.07500222345221881,0,0.9982921525166779,0.9220196943555334,3
andy,0.009721017705042734,0.0747128055663229,0.02054899246430583,0.025095751675445626,0.16511920300009833,0,0.9983352568951525,0.9042482771283538,3
andy,0.009588600223331724,0.08473280909362912,0.021205917061972692,0.02430811268354398,0.12823864201515278,0,0.9982983879849348,0.9093426117369983,3
andy,4.52542495748368e-05,0.9999546822231371,0.9999546733489039,0.9999546406860026,4.525124309792696e-05,0,4.525359551499744e-05,4.532052183554487e-05,4
andy,5.567169541545788e-05,0.9999423684189368,5.6123360732510247e-05,5.74438285697752e-05,6.537223436369385e-05,0,8.249840007897415e-05,6.193487366843621e-05,4
andy,0.003365363085482093,0.011195957706066803,0.0037273451265107476,0.004233910039388894,0.013310308942558824,0,0.9997096758658148,0.9474854873574057,4
andy,0.0031824918709944146,0.011305575356799085,0.0035414324791197484,0.004177450504413851,0.021024164930602274,0,0.9997114176614665,0.9265135988943451,4
andy,0.002629121166747916,0.01350812672656428,0.0035619494567243754,0.004242004568934515,0.4373137241680674,0,0.9997137553156078,0.9115758414647653,4
andy,0.003172010363943443,0.010674450998063295,0.003734075717954362,0.004498477123216208,0.014305485894279915,0,0.9997078165731185,0.967156356958951,4
andy,0.002951243104917989,0.011418584862913028,0.0034018002619321547,0.0043623578379133115,0.08047919331531114,0,0.9997151940328215,0.938269822704653,4
andy,0.0029120150755499643,0.012796159388897077,0.003525751030356685,0.004200856107323043,0.03436248791456041,0,0.9997088639638333,0.9507565773851955,4
andy,4.528675501347649e-05,0.9999546822231371,0.9999546733489039,0.9999546406860026,4.525124309792696e-05,0,4.525359551499744e-05,4.532052183554487e-05,5
andy,4.52441251338278e-05,0.9999546782603389,4.5390636508928956e-05,4.5351029681495055e-05,4.5380773417890044e-05,0,4.524198159726328e-05,4.529437338538348e-05,5
andy,0.0020628523605884038,0.001816218027123021,0.0006271988369044078,0.0007115003927865537,0.002155670278698737,0,0.9999506316307113,0.983823110915777,5
andy,0.0016664671837285407,0.00183375670979194,0.0005959714204875077,0.0007019529809755583,0.003338268717419519,0,0.9999509282221436,0.9679011523075055,5
andy,0.0008125080867988165,0.0021864574876986416,0.0005933384137945902,0.0007042633426654136,0.7168735808340656,0,0.9999513123587379,0.8045547573675429,5
andy,0.001578559995493885,0.001735580775553465,0.0006282674312146821,0.0007555345773078724,0.0023111702309953326,0,0.999950314387277,0.9922022027816723,5
andy,0.0012209811723460997,0.0018549748498719,0.0005721926558861662,0.000732128371418233,0.011663369410070094,0,0.9999515728811587,0.9775647992560439,5
andy,0.0011956667687076697,0.0020675802977306195,0.0005932869228507699,0.0007057617366372677,0.0053063107572705005,0,0.9999504936176383,0.985531121328763,5
andy,4.532534205073717e-05,0.9999546822231371,0.9999546733489039,0.9999546406860026,4.525124309792696e-05,0,4.525359551499744e-05,4.532052183554487e-05,6
andy,4.53124414978332e-05,0.9999546782603389,4.5390636508928956e-05,4.5351029681495055e-05,4.5380773417890044e-05,0,4.524198159726328e-05,4.529437338538348e-05,6
andy,0.0006368698955527007,0.00030760492372613807,0.00010678382585169356,0.00012113277638330916,0.00036827088158326523,0,0.9999546578704029,0.996775737421269,6
andy,0.0004433202712680911,0.0003106002372867125,0.00010145211854979675,0.00011951620505947442,0.0005726218379264932,0,0.9999546095953711,0.9923167381739776,6
andy,0.00016482413863792885,0.0003708276921021222,0.00010084495272306264,0.00012035968627897568,0.8457096141269089,0,0.9999546449569049,0.064941451186844,6
andy,0.0004019329595478476,0.0002939895437901038,0.00010696095949363188,0.00012865220948499824,0.00039505757033972584,0,0.9999546886940173,0.998574853631519,6
andy,0.0002775049937476562,0.0003143001842932825,9.740023709358509e-05,0.0001247170659586376,0.0020323701592428124,0,0.9999547270163215,0.9952202350023538,6
andy,0.0002694320456142391,0.00035016857388070846,0.00010099552899489127,0.00012017457432811956,0.0009150193956208636,0,0.999954691941249,0.9971721484122016,6
andy,4.525155920810602e-05,0.9999546822231371,0.9999546733489039,0.9999546406860026,4.525124309792696e-05,0,4.525359551499744e-05,4.532052183554487e-05,7
andy,4.526652762552961e-05,0.9999546782603389,4.5390636508928956e-05,4.5351029681495055e-05,4.5380773417890044e-05,0,4.524198159726328e-05,4.529437338538348e-05,7
andy,0.0013474330851550886,5.2414926449240664e-05,4.538661641214033e-05,4.533515218128095e-05,6.335859924292092e-05,0,0.9999546578704029,0.9994371432124867,7
andy,0.00016900538966266304,5.292824864332336e-05,4.5303224688677694e-05,4.53669625015035e-05,9.918567326908135e-05,0,0.9999546095953711,0.998606579552872,7
andy,4.531811110474755e-05,6.325716017337465e-05,4.534842460080376e-05,4.527445813935098e-05,0.9430909523973275,0,0.9999546449569049,0.008413528225432457,7
andy,0.00012862258660819258,5.0089261015405214e-05,4.530033985941834e-05,4.534809331547105e-05,6.802518980796157e-05,0,0.9999546886940173,0.9997550501674467,7
andy,6.763174167843949e-05,5.356354542613888e-05,4.5376961988724655e-05,4.5386373955063295e-05,0.0003632170862104655,0,0.9999547270163215,0.9991552608494817,7
andy,6.500056002515417e-05,5.9683540089371424e-05,4.5258526612999694e-05,4.529627029732644e-05,0.00015993607659279017,0,0.999954691941249,0.9995083702353639,7
andy,4.5256870770931524e-05,0.9999546822231371,0.9999546733489039,0.9999546406860026,4.525124309792696e-05,0,4.525359551499744e-05,4.532052183554487e-05,8
andy,4.533929652751691e-05,0.9999546782603389,4.5390636508928956e-05,4.5351029681495055e-05,4.5380773417890044e-05,0,4.524198159726328e-05,4.529437338538348e-05,8
andy,0.0024499445744196316,4.534068875470835e-05,4.538661641214033e-05,4.533515218128095e-05,4.53682185073266e-05,0,0.9999546578704029,0.9999037792738994,8
andy,4.538678680821623e-05,4.53018202046342e-05,4.5303224688677694e-05,4.53669625015035e-05,4.528432927792755e-05,0,0.9999546095953711,0.9997602796887635,8
andy,4.523819432453855e-05,4.537265343805501e-05,4.534842460080376e-05,4.527445813935098e-05,0.9800464307895164,0,0.9999546449569049,0.0014199349556166972,8
andy,4.526204857038737e-05,4.5366946318417086e-05,4.530033985941834e-05,4.534809331547105e-05,4.525322584477571e-05,0,0.9999546886940173,0.999954699940325,8
andy,4.530779455780036e-05,4.5361840068848545e-05,4.5376961988724655e-05,4.5386373955063295e-05,6.549503961002603e-05,0,0.9999547270163215,0.9998553313447357,8
andy,4.537143810600696e-05,4.529860809579397e-05,4.5258526612999694e-05,4.529627029732644e-05,4.5388950832633196e-05,0,0.999954691941249,0.9999160360977064,8
andy,4.532142167670795e-05,0.9999546822231371,0.9999546733489039,0.9999546406860026,4.525124309792696e-05,0,4.525359551499744e-05,4.532052183554487e-05,9
andy,4.5263158406345085e-05,0.9999546782603389,4.5390636508928956e-05,4.5351029681495055e-05,4.5380773417890044e-05,0,4.524198159726328e-05,4.529437338538348e-05,9
andy,0.011106584624065595,4.534068875470835e-05,4.538661641214033e-05,4.533515218128095e-05,4.53682185073266e-05,0,0.9999546578704029,0.9999547087079647,9
andy,4.538678680821623e-05,4.53018202046342e-05,4.5303224688677694e-05,4.53669625015035e-05,4.528432927792755e-05,0,0.9999546095953711,0.9999546620694507,9
andy,4.523819432453855e-05,4.537265343805501e-05,4.534842460080376e-05,4.527445813935098e-05,0.9948370110915128,0,0.9999546449569049,0.00024732019207747457,9
andy,4.526204857038737e-05,4.5366946318417086e-05,4.530033985941834e-05,4.534809331547105e-05,4.525322584477571e-05,0,0.9999546886940173,0.999954699940325,9
andy,4.530779455780036e-05,4.5361840068848545e-05,4.5376961988724655e-05,4.5386373955063295e-05,4.525678562849429e-05,0,0.9999547270163215,0.9999546599642658,9
andy,4.537143810600696e-05,4.529860809579397e-05,4.5258526612999694e-05,4.529627029732644e-05,4.5388950832633196e-05,0,0.999954691941249,0.9999546369497332,9
bobby,,0.5022771360480077,0.5026924863879507,0.5052585023418084,0.4994325230930052,0,0.49849897014605615,0.5044604476766091,0
bobby,,0.4990038111392259,0.49796046459250526,0.4947075544019657,0.49743833415390726,0,0.49721480506943105,0.49766694392155064,0
bobby,,0.502350233661816,0.5008020615703078,0.5005925812144917,0.5069825077030281,0,0.5013996790442041,0.49990093651258166,0
bobby,,0.4990445586634685,0.5011894911283867,0.49827545819709707,0.5003129695227084,0,0.4981421768864765,0.49919445298353443,0
bobby,,0.503151103068741,0.5004204811839396,0.5015087374186852,0.5022919547671331,0,0.49865090138406865,0.5004752717213452,0
bobby,,0.49729733454652014,0.4980317650768051,0.5022263436951958,0.4996061208974871,0,0.5014407151445086,0.501975346896692,0
bobby,,0.5030240252191521,0.5002336071313458,0.5017256264530239,0.5003049577358629,0,0.49819234200135465,0.5064016743962009,0
bobby,,0.49750108179015495,0.49910333081213976,0.4962306161302034,0.5015194474430831,0,0.49679214136220146,0.4960437343003089,0
bobby,,0.9963855755739718,0.996333388224233,0.9963652032214035,0.0036704823272782215,0,0.004361475139897874,0.003839373956499542,1
bobby,,0.9944879688691517,0.005680171564480972,0.0057247867982326145,0.005663571575645335,0,0.007158570080475993,0.006029942191111234,1
bobby,,0.6833439979315103,0.4464982983436941,0.507904528605211,0.5197817618577698,0,0.9658201638751395,0.815455431701649,1
bobby,,0.6724243240865573,0.4498332104461725,0.5026369219565798,0.49318975437847384,0,0.9654701710830415,0.8145891115712528,1
bobby,,0.6818883370705763,0.4462853132416127,0.5105846913091318,0.4993208329957179,0,0.9655984021977588,0.817152720113458,1
bobby,,0.6688920420347689,0.4402422966976291,0.5141492830259327,0.49156071328890055,0,0.9658096663637663,0.8187825834246644,1
bobby,,0.6808564058606423,0.44564386688653324,0.5112491213384137,0.4931656652170275,0,0.9655014238883369,0.8252323898741418,1
bobby,,0.6689012132085761,0.44303113924680415,0.4961793844937253,0.49659489239399945,0,0.9654140266136699,0.8117408424997206,1
bobby,,0.999574072246545,0.999568989752325,0.9995730779747902,0.0004272183060899392,0,0.0005059869675483592,0.0004463452246981606,2
bobby,,0.999343996824832,0.0006642156281943656,0.0006689651597465355,0.0006655896518888709,0,0.0008317279049703806,0.0007028982131462534,2
bobby,,0.673529449784467,0.09732681734762018,0.14745016876751038,0.2938937795201323,0,0.9958409236422404,0.9363786791769103,2
bobby,,0.6197845395938271,0.10227807236075526,0.14760518553850127,0.2172775418789433,0,0.9958028027649433,0.9377347032205562,2
bobby,,0.6569611513793274,0.09926323542732876,0.1528025065844,0.23243781515873838,0,0.9958184240955076,0.9392621378706261,2
bobby,,0.6039833291171757,0.09706354512954198,0.15751202438741602,0.21469266087941502,0,0.9958426906496319,0.9410025611784003,2
bobby,,0.6489921067953006,0.0997228662484462,0.15459926000075516,0.21856748613142615,0,0.9958044187833927,0.9457837325347601,2
bobby,,0.6071472193391321,0.09746748271925097,0.140527887328788,0.22651198673676767,0,0.9957979047429805,0.9348595446568864,2
bobby,,0.9999439585839502,0.9999433402150832,0.9999439234125251,5.6023222626833644e-05,0,6.65490385569608e-05,5.857841978025108e-05,3
bobby,,0.9999135783370467,8.715706472232841e-05,8.779302542051592e-05,8.771867539987852e-05,0,0.0001087780822327903,9.202693546356093e-05,3
bobby,,0.3031052917954429,0.013056438074644941,0.022993051378540973,0.34701463465737503,0,0.999471801626476,0.9873785372229918,3
bobby,,0.1669733418294496,0.014018568396047393,0.022262056145956832,0.05339198041869922,0,0.9994672410604197,0.9881212300992398,3
bobby,,0.22772823072177328,0.013534208437754693,0.02335320235652427,0.06710084460430744,0,0.9994691276820981,0.988523045970076,3
bobby,,0.14874023065033268,0.013250551382292503,0.02416083062013271,0.05123497952731376,0,0.9994723600102827,0.9890297672625435,3
bobby,,0.20739736545359513,0.013635718735773683,0.023627230878130064,0.05483766914849243,0,0.9994673754983394,0.9902923831218848,3
bobby,,0.15365026584019986,0.013259879658706238,0.020993459904595464,0.06053088026577927,0,0.999466591841764,0.9872387397984496,3
bobby,,0.9999547454543214,0.9999546118011183,0.9999547204146135,4.5233167443808926e-05,0,4.539725372949264e-05,4.52552869133573e-05,4
bobby,,0.9999546834084201,4.5303879154072184e-05,4.526802094765144e-05,4.524267951804116e-05,0,4.524555320940892e-05,4.537323991730198e-05,4
bobby,,0.036755574883751634,0.0016294732165140497,0.0030284864047342612,0.6237384263900787,0,0.9999330227576263,0.9982051345689671,4
bobby,,0.018032098767377398,0.0017660288865271275,0.002843749318971328,0.00707427346411825,0,0.9999324404109726,0.9983563202568629,4
bobby,,0.0246263436374869,0.0017050150738661062,0.0029934378197040727,0.009174102441955129,0,0.9999326782285899,0.9984175763158523,4
bobby,,0.016091823944613424,0.0016689157194911127,0.003089679894389908,0.006737554621891155,0,0.9999330929998052,0.9984927898135777,4
bobby,,0.022218422712670268,0.001718136593914489,0.0030245732731954468,0.007301672754459474,0,0.9999324560777182,0.9986806086555841,4
bobby,,0.016641261518190002,0.001669829290974793,0.002681022870899999,0.008094456632433616,0,0.9999323541859385,0.9982200358203199,4
bobby,,0.9999547454543214,0.9999546118011183,0.9999547204146135,4.5233167443808926e-05,0,4.539725372949264e-05,4.52552869133573e-05,5
bobby,,0.9999546834084201,4.5303879154072184e-05,4.526802094765144e-05,4.524267951804116e-05,0,4.524555320940892e-05,4.537323991730198e-05,5
bobby,,0.004337354404579998,0.000205534661469919,0.00038313702857234217,0.680569220952957,0,0.9999547557054883,0.9997687874477694,5
bobby,,0.002180185667080878,0.00022345715567466122,0.0003604036051944587,0.0008929781028053597,0,0.9999547392619262,0.9997892701285804,5
bobby,,0.0029375025157882644,0.00021573762664551857,0.0003795364989856198,0.0011585806807258513,0,0.9999547116753609,0.9997972372231582,5
bobby,,0.001953815729916839,0.00021115836328650876,0.0003918110132044514,0.0008504019556278528,0,0.9999546182522936,0.9998069665195332,5
bobby,,0.002661502289516408,0.0002174119929064793,0.0003835002640651014,0.0009218889516448271,0,0.9999547496090407,0.9998313090391606,5
bobby,,0.0020187522717919413,0.00021129058470565511,0.00033982638403766993,0.0010219924349335388,0,0.9999546810340809,0.9997714938158416,5
bobby,,0.9999547454543214,0.9999546118011183,0.9999547204146135,4.5233167443808926e-05,0,4.539725372949264e-05,4.52552869133573e-05,6
bobby,,0.9999546834084201,4.5303879154072184e-05,4.526802094765144e-05,4.524267951804116e-05,0,4.524555320940892e-05,4.537323991730198e-05,6
bobby,,0.0005500561895197926,4.521874279560631e-05,4.901114288253078e-05,0.8400749670496183,0,0.9999547557054883,0.9999546685547724,6
bobby,,0.0002753674335882384,4.528726354687893e-05,4.593251208460365e-05,0.00011481134404959771,0,0.9999547392619262,0.9999547853264373,6
bobby,,0.00037047030868152774,4.537073767028708e-05,4.8397194476743504e-05,0.000149523191849159,0,0.9999547116753609,0.9999546635811905,6
bobby,,0.00024689911854080664,4.5327587370581455e-05,4.997628223385947e-05,0.00010929562476152183,0,0.9999546182522936,0.999954650315534,6
bobby,,0.0003357832667049524,4.534882099521594e-05,4.8903549358869866e-05,0.00011857392947735675,0,0.9999547496090407,0.9999547845372643,6
bobby,,0.0002551249138548414,4.536022578772573e-05,4.531429616660075e-05,0.0001317261605663792,0,0.9999546810340809,0.9999546566114228,6
bobby,,0.9999547454543214,0.9999546118011183,0.9999547204146135,4.5233167443808926e-05,0,4.539725372949264e-05,4.52552869133573e-05,7
bobby,,0.9999546834084201,4.5303879154072184e-05,4.526802094765144e-05,4.524267951804116e-05,0,4.524555320940892e-05,4.537323991730198e-05,7
bobby,,7.030441994782364e-05,4.521874279560631e-05,4.5324860669609104e-05,0.9255119215741098,0,0.9999547557054883,0.9999546685547724,7
bobby,,4.525387833279944e-05,4.528726354687893e-05,4.536850869063346e-05,4.532214255225603e-05,0,0.9999547392619262,0.9999547853264373,7
bobby,,4.71762127373681e-05,4.537073767028708e-05,4.531204192624782e-05,4.535518837247385e-05,0,0.9999547116753609,0.9999546635811905,7
bobby,,4.5350652841592104e-05,4.5327587370581455e-05,4.527490180631583e-05,4.5308682189048693e-05,0,0.9999546182522936,0.999954650315534,7
bobby,,4.528703861246513e-05,4.534882099521594e-05,4.5223980061674927e-05,4.5309174557253705e-05,0,0.9999547496090407,0.9999547845372643,7
bobby,,4.5349315680769715e-05,4.536022578772573e-05,4.531429616660075e-05,4.531271177542388e-05,0,0.9999546810340809,0.9999546566114228,7
bobby,,0.9999547454543214,0.9999546118011183,0.9999547204146135,4.5233167443808926e-05,0,4.539725372949264e-05,4.52552869133573e-05,8
bobby,,0.9999546834084201,4.5303879154072184e-05,4.526802094765144e-05,4.524267951804116e-05,0,4.524555320940892e-05,4.537323991730198e-05,8
bobby,,4.528887984652293e-05,4.521874279560631e-05,4.5324860669609104e-05,0.9781318892157412,0,0.9999547557054883,0.9999546685547724,8
bobby,,4.525387833279944e-05,4.528726354687893e-05,4.536850869063346e-05,4.532214255225603e-05,0,0.9999547392619262,0.9999547853264373,8
bobby,,4.527313724798996e-05,4.537073767028708e-05,4.531204192624782e-05,4.535518837247385e-05,0,0.9999547116753609,0.9999546635811905,8
bobby,,4.5350652841592104e-05,4.5327587370581455e-05,4.527490180631583e-05,4.5308682189048693e-05,0,0.9999546182522936,0.999954650315534,8
bobby,,4.528703861246513e-05,4.534882099521594e-05,4.5223980061674927e-05,4.5309174557253705e-05,0,0.9999547496090407,0.9999547845372643,8
bobby,,4.5349315680769715e-05,4.536022578772573e-05,4.531429616660075e-05,4.531271177542388e-05,0,0.9999546810340809,0.9999546566114228,8
bobby,,0.9999547454543214,0.9999546118011183,0.9999547204146135,4.5233167443808926e-05,0,4.539725372949264e-05,4.52552869133573e-05,9
bobby,,0.9999546834084201,4.5303879154072184e-05,4.526802094765144e-05,4.524267951804116e-05,0,4.524555320940892e-05,4.537323991730198e-05,9
bobby,,4.528887984652293e-05,4.521874279560631e-05,4.5324860669609104e-05,0.9955420227850851,0,0.9999547557054883,0.9999546685547724,9
bobby,,4.525387833279944e-05,4.528726354687893e-05,4.536850869063346e-05,4.532214255225603e-05,0,0.9999547392619262,0.9999547853264373,9
bobby,,4.527313724798996e-05,4.537073767028708e-05,4.531204192624782e-05,4.535518837247385e-05,0,0.9999547116753609,0.9999546635811905,9
bobby,,4.5350652841592104e-05,4.5327587370581455e-05,4.527490180631583e-05,4.5308682189048693e-05,0,0.9999546182522936,0.999954650315534,9
bobby,,4.528703861246513e-05,4.534882099521594e-05,4.5223980061674927e-05,4.5309174557253705e-05,0,0.9999547496090407,0.9999547845372643,9
bobby,,4.5349315680769715e-05,4.536022578772573e-05,4.531429616660075e-05,4.531271177542388e-05,0,0.9999546810340809,0.9999546566114228,9
charlie,0.5012725204142144,0.500655776673256,0.49981244078959336,0.502607122719776,0.49897714455478276,0,0.5019848155813914,0.5006768817273508,0
charlie,0.5035283922157406,0.49717108681184397,0.5045482402003031,0.498797927201233,0.5022035781251859,0,0.5051682546825214,0.5013576833087146,0
charlie,0.49777911608037406,0.5037165883197842,0.5005232255664941,0.5001932003154954,0.5003599168039682,0,0.49782266004856407,0.4994514093330278,0
charlie,0.505790255175127,0.5001251115714714,0.49764450699061463,0.5000972936305897,0.49904746990165016,0,0.5011645198801737,0.5012124844027472,0
charlie,0.4985118643790198,0.5036198022249985,0.5052472465949873,0.5009588574794237,0.5008131821694033,0,0.4995454078281917,0.4995576559958105,0
charlie,0.5016915341541872,0.49901829925602764,0.4956269527080783,0.4991927274247731,0.49839095037207615,0,0.49702549214809927,0.5034018383143102,0
charlie,0.5007477359320669,0.5031718274941283,0.505511798474595,0.49870724938164346,0.5008010323140818,0,0.497954694207169,0.4998954068175545,0
charlie,0.5007686053516879,0.5032600871972669,0.49846633537793333,0.4986714770516697,0.5030447098126745,0,0.5015097009400686,0.5009494329239486,0
charlie,0.003433265229701638,0.9966042425546183,0.9965686992426817,0.9965896402305049,0.0034679675551337464,0,0.0038806682568331406,0.0035873714719528798,1
charlie,0.0168176253476873,0.9838061884817234,0.018381691255487605,0.01874234361838471,0.01812337624988419,0,0.031495064366085096,0.02128083663827968,1
charlie,0.35067508228173866,0.7551564248343474,0.6062920541538763,0.6697837347965282,0.5434145827345179,0,0.9570358236131814,0.8346469942455281,1
charlie,0.36798573444838084,0.748177113163803,0.5999427153657333,0.6695988775902688,0.535672443176142,0,0.9573613893093879,0.836557547706205,1
charlie,0.35298152720072046,0.7543976350792025,0.618592314991076,0.6725782978838618,0.5403725085144485,0,0.9572142977059093,0.8351956809802958,1
charlie,0.3588823533297209,0.7474470119578424,0.5958092089544844,0.6683426903783977,0.5352277522078973,0,0.9570241364108869,0.8389169291646683,1
charlie,0.3582049105955596,0.7544870579049957,0.6192777800657931,0.6683441715080113,0.5423955561326476,0,0.9570842552875725,0.8346980279510844,1
charlie,0.35716630265903626,0.7551019885353285,0.6040761479966208,0.6691228024495568,0.5473427925784865,0,0.9575885136841632,0.8357994179295272,1
charlie,0.0005273260393785169,0.9994771275961186,0.9994727528213357,0.9994762626146196,0.0005262063393516707,0,0.0005861139413457692,0.0005421920272856678,2
charlie,0.002508750532623279,0.9975330568846714,0.002709394426046892,0.00276163495555173,0.0027070856569476193,0,0.004773508051651161,0.0031523435628369955,2
charlie,0.1348201366508847,0.8917095585573901,0.4865974153098479,0.7069497834839609,0.35093590118945184,0,0.9931743517156432,0.9529344954336454,2
charlie,0.15357737849862432,0.8832953023611858,0.47320940295695074,0.7085229893373273,0.32151972711720445,0,0.993226608759804,0.9539103847104515,2
charlie,0.13858900941293834,0.8903777213688928,0.5258837672421329,0.7170271709995995,0.3329795431038773,0,0.9932029494299893,0.953042018048412,2
charlie,0.14354444203912536,0.8825977910824071,0.4596689866083603,0.7035535953257228,0.32365808378991556,0,0.9931766366462862,0.954992389047041,2
charlie,0.145027584666598,0.8908776487734648,0.5275024869035563,0.7076745361932713,0.3398211852583081,0,0.9931808887824924,0.9527229565179717,2
charlie,0.14133639169402004,0.8917128454904253,0.48313079918337193,0.7078065359096853,0.3540431577696507,0,0.9932616458626853,0.9532118842446259,2
charlie,9.235459018351571e-05,0.9999085984330242,0.9999079685723161,0.999908572435998,9.138790627838835e-05,0,0.0001013139151054131,9.386463573818744e-05,3
charlie,0.00042687086051195746,0.9995803290981539,0.0004579806211149421,0.00046599069066131883,0.00046119406774855265,0,0.0008227493010403056,0.0005325915955512694,3
charlie,0.04792726258693976,0.9663915438811667,0.20459604732024367,0.5984078312607146,0.15325994171713817,0,0.998845078155097,0.9897226988352243,3
charlie,0.06710969260970652,0.9614349319412039,0.1938362809929153,0.6092996456813004,0.11547258043826866,0,0.9988540677183357,0.9899871264817742,3
charlie,0.052356197508403785,0.9656670446161995,0.2654699164653129,0.6437990273005968,0.12651050113997384,0,0.9988499298868471,0.9897566439671917,3
charlie,0.05614333849699229,0.9609716429801465,0.17757598861847815,0.5870770486207777,0.11929043129586538,0,0.9988456642244358,0.9902874124382337,3
charlie,0.05837516849538281,0.9659634980282807,0.26715828551171616,0.609537249847409,0.13510924396475363,0,0.9988460885080634,0.9896573051673773,3
charlie,0.05357710553754804,0.9663920613683262,0.20169663311885902,0.6034988741009317,0.1554020002576691,0,0.9988598664322369,0.9897887815739913,3
charlie,4.539006658279409e-05,0.9999546454445337,0.9999546662417859,0.9999546507753122,4.527071959619539e-05,0,4.530006062062092e-05,4.533084277360347e-05,4
charlie,7.495864126713311e-05,0.9999267130832812,8.024494773066546e-05,8.15688492736056e-05,8.116491943772285e-05,0,0.00014832623759712785,9.373678770278723e-05,4
charlie,0.017592985377602642,0.9928626668248646,0.04780697817438223,0.19944962399951272,0.13646567528911588,0,0.999803742632347,0.9981525174167881,4
charlie,0.05844762607725935,0.991471174534232,0.045743341789864375,0.22031945329893068,0.045532308530906666,0,0.9998052817189508,0.9982016290639347,4
charlie,0.022947198311391546,0.9926703693854012,0.0732775996627998,0.28242406008152926,0.05565741485311089,0,0.9998045661702238,0.9981592619408328,4
charlie,0.027515362437837195,0.9913371323138411,0.04012296041038096,0.1892834865588398,0.051604588553713464,0,0.9998038466054073,0.9982597414066591,4
charlie,0.032430877042887545,0.9927455186007415,0.07353780549474898,0.22324404922794935,0.0696848168423339,0,0.9998039057570721,0.998139279153494,4
charlie,0.02354765280593532,0.9928604448105605,0.04714740286377196,0.20640785063068137,0.14256411569743982,0,0.9998062631875241,0.9981642294271711,4
charlie,4.539006658279409e-05,0.9999546454445337,0.9999546662417859,0.9999546507753122,4.527071959619539e-05,0,4.530006062062092e-05,4.533084277360347e-05,5
charlie,4.529956925531908e-05,0.9999546890986034,4.5389186109477854e-05,4.534091509812904e-05,4.53033439980261e-05,0,4.536051900583762e-05,4.5301266119973584e-05,5
charlie,0.003834313578605499,0.9987231602067043,0.008341729121364964,0.03783735217052157,0.20336424393196464,0,0.9999547190791523,0.9996826847391355,5
charlie,0.27648174967750483,0.9984525860817688,0.008158158872209737,0.04498488807658648,0.010018421530049722,0,0.9999547582685471,0.9996910921789007,5
charlie,0.005716721994545358,0.9986865501177756,0.0134354206771169,0.06184467078109635,0.01337743232274791,0,0.9999547515683523,0.9996840493058706,5
charlie,0.007597250439712604,0.9984284797508102,0.007075213086343611,0.03601336238893811,0.012193927968337208,0,0.9999547438205614,0.9997014634137739,5
charlie,0.010515629035167453,0.9987004354343593,0.013453549898076372,0.0450101509971099,0.019397293323873355,0,0.9999547577347964,0.999680510292285,5
charlie,0.005804231399059263,0.9987227057505427,0.008212945592490367,0.03971135810508014,0.28945542112476014,0,0.9999546645331868,0.9996846680134668,5
charlie,4.539006658279409e-05,0.9999546454445337,0.9999546662417859,0.9999546507753122,4.527071959619539e-05,0,4.530006062062092e-05,4.533084277360347e-05,6
charlie,4.529956925531908e-05,0.9999546890986034,4.5389186109477854e-05,4.534091509812904e-05,4.53033439980261e-05,0,4.536051900583762e-05,4.5301266119973584e-05,6
charlie,0.0006671499506702567,0.999781395683774,0.0014279629718615633,0.006810058721464564,0.09450468268164333,0,0.9999547190791523,0.999945942475386,6
charlie,0.45035743796244104,0.9997342732154046,0.0014012849016509536,0.008134035532631654,0.001754998893490215,0,0.9999547582685471,0.9999473713736178,6
charlie,0.0010078058402948418,0.9997750681326196,0.0023224379343734875,0.011451276266947417,0.0023712215584114774,0,0.9999547515683523,0.9999461835235418,6
charlie,0.0013503234653441014,0.9997302155525248,0.0012131050198279218,0.0064166580406563156,0.0021544739122793042,0,0.9999547438205614,0.9999491571645601,6
charlie,0.0018939653437310506,0.99977745113636,0.0023247198563074722,0.008140687618224642,0.003498737429950363,0,0.9999547577347964,0.9999455801253475,6
charlie,0.001016811949939198,0.9997812869462117,0.0014019275638810476,0.007131435353253527,0.43226384560788156,0,0.9999546645331868,0.9999462732854228,6
charlie,4.539006658279409e-05,0.9999546454445337,0.9999546662417859,0.9999546507753122,4.527071959619539e-05,0,4.530006062062092e-05,4.533084277360347e-05,7
charlie,4.529956925531908e-05,0.9999546890986034,4.5389186109477854e-05,4.534091509812904e-05,4.53033439980261e-05,0,4.536051900583762e-05,4.5301266119973584e-05,7
charlie,0.00011568325439565379,0.9999546960831558,0.00024408888799452286,0.0011638463473704133,0.01851810736007947,0,0.9999547190791523,0.9999547153896892,7
charlie,0.40365935140476517,0.9999546659105327,0.00023981250587839462,0.0013914562764608873,0.00030352623581568917,0,0.9999547582685471,0.9999546460307294,7
charlie,0.00017570886709096127,0.9999546861665891,0.00039810932535145954,0.0019522367871110348,0.00041197823478967817,0,0.9999547515683523,0.9999547577047931,7
charlie,0.00023654231823547683,0.9999541377203385,0.00020733526858386368,0.0010942772778718935,0.00037396795454383146,0,0.9999547438205614,0.9999546053772181,7
charlie,0.00033356876010015433,0.9999546860954123,0.00039852610232718287,0.0013886272955506078,0.0006107783792670698,0,0.9999547577347964,0.9999547342053092,7
charlie,0.00017718366650658026,0.9999546702258137,0.00023927785079855892,0.0012254147746645024,0.48471951740861374,0,0.9999546645331868,0.9999546719577531,7
charlie,4.539006658279409e-05,0.9999546454445337,0.9999546662417859,0.9999546507753122,4.527071959619539e-05,0,4.530006062062092e-05,4.533084277360347e-05,8
charlie,4.529956925531908e-05,0.9999546890986034,4.5389186109477854e-05,4.534091509812904e-05,4.53033439980261e-05,0,4.536051900583762e-05,4.5301266119973584e-05,8
charlie,4.5284477004303964e-05,0.9999546960831558,4.5251084612463294e-05,0.0002000590857557353,0.003524910950973815,0,0.9999547190791523,0.9999547153896892,8
charlie,0.548680399987581,0.9999546659105327,4.524551925904497e-05,0.0002392807630133291,5.274621035344871e-05,0,0.9999547582685471,0.9999546460307294,8
charlie,4.5241455304957225e-05,0.9999546861665891,6.851691555630071e-05,0.0003359572112398011,7.185230253276607e-05,0,0.9999547515683523,0.9999547577047931,8
charlie,4.5354721897695735e-05,0.9999546229838239,4.5325232870537365e-05,0.00018783686809279308,6.515751271814981e-05,0,0.9999547438205614,0.9999546053772181,8
charlie,5.899418645107456e-05,0.9999546860954123,6.859844253844583e-05,0.00023860891762596798,0.00010713085743795412,0,0.9999547577347964,0.9999547342053092,8
charlie,4.5325274519044063e-05,0.9999546702258137,4.529169148016833e-05,0.00021148545275268075,0.6194951243575543,0,0.9999546645331868,0.9999546719577531,8
charlie,4.539006658279409e-05,0.9999546454445337,0.9999546662417859,0.9999546507753122,4.527071959619539e-05,0,4.530006062062092e-05,4.533084277360347e-05,9
charlie,4.529956925531908e-05,0.9999546890986034,4.5389186109477854e-05,4.534091509812904e-05,4.53033439980261e-05,0,4.536051900583762e-05,4.5301266119973584e-05,9
charlie,4.5284477004303964e-05,0.9999546960831558,4.5251084612463294e-05,4.528370355941113e-05,0.0006820620338547482,0,0.9999547190791523,0.9999547153896892,9
charlie,0.5677580748250866,0.9999546659105327,4.524551925904497e-05,4.526468528799691e-05,4.538279428060745e-05,0,0.9999547582685471,0.9999546460307294,9
charlie,4.5241455304957225e-05,0.9999546861665891,4.524121309528206e-05,5.785632668407979e-05,4.532915875956233e-05,0,0.9999547515683523,0.9999547577047931,9
charlie,4.5354721897695735e-05,0.9999546229838239,4.5325232870537365e-05,4.5258564780684215e-05,4.5315325672844286e-05,0,0.9999547438205614,0.9999546053772181,9
charlie,4.534174854764481e-05,0.9999546860954123,4.529663618948888e-05,4.528762487077229e-05,4.5382145663476425e-05,0,0.9999547577347964,0.9999547342053092,9
charlie,4.5325274519044063e-05,0.9999546702258137,4.529169148016833e-05,4.5298034595057713e-05,0.7645997973702189,0,0.9999546645331868,0.9999546719577531,9
david,0.5002685442906792,0.496209898350147,0.4960753948819448,0.49632308093945715,0.49954996282588865,0,0.4985695873152042,0.503234477738348,0
david,0.5045538202370408,0.5003963058200273,0.4976608774826141,0.5011259117641489,0.5017266067335744,0,0.5000711114068337,0.5006991991028443,0
david,0.4995005745008078,0.49999960639817165,0.4946760259863662,0.4989273069671253,0.4984724327910321,0,0.5029709628063644,0.5033441306810972,0
david,0.500726083258396,0.4966935582284358,0.500463220776949,0.49579612977752197,0.4974778248674822,0,0.5013753559270869,0.4987855399567035,0
david,0.5016734543915196,0.4934871875806166,0.4990166271895301,0.5021581719794938,0.4993151945032004,0,0.4989977182373728,0.5010668979576716,0
david,0.49974653834753713,0.500127286447709,0.49881338302714634,0.501009763079985,0.5033974033754446,0,0.49974560638443727,0.4969496280313233,0
david,0.5034864842461594,0.4992078613005169,0.5011404438539365,0.49812151005184824,0.502056249020346,0,0.49756598058686846,0.4975959510846087,0
david,0.4973198484431477,0.4994338058948288,0.5018785665278562,0.4966482528887648,0.49932356244151815,0,0.49900712373479195,0.4980618794778389,0
david,0.004311455584032021,0.9957535998600164,0.995583898201323,0.9957030564666242,0.004369376265920258,0,0.004947138502226132,0.004554501914916915,1
david,0.01816661347531806,0.9825292965566033,0.01891026954260096,0.019311280085731058,0.020193949606120046,0,0.033596731545934864,0.02278082978042285,1
david,0.31909519356815463,0.7378984284480422,0.42236709645212267,0.49058277256876814,0.6092249825119136,0,0.9503567270557652,0.8056835223629576,1
david,0.3234664558971294,0.7298002708788417,0.4381184169988359,0.48524505133077345,0.600737235445456,0,0.9501447801885416,0.8004122439726976,1
david,0.3240891651387733,0.726476221361973,0.433539991978407,0.4993209909047876,0.6095617262821985,0,0.9498486314445107,0.8036625835195998,1
david,0.3191700821780332,0.7386108752771603,0.4322827511578366,0.4958329591755474,0.6213497503175445,0,0.9497055145163142,0.7980280537496416,1
david,0.32483825187478454,0.7377480503295244,0.43667174996272046,0.48735594148407196,0.6204933657909164,0,0.9494475243176226,0.7988544938989988,1
david,0.31567187061960106,0.7350216720575113,0.43968207396420367,0.4843604914468584,0.6091769378859159,0,0.9496440327121012,0.7994461451092063,1
david,0.0006391776611938732,0.9993595146840393,0.9993372233486532,0.9993554013460224,0.0006421937330619514,0,0.0007243018981559844,0.0006684681314772475,2
david,0.0025889261262290806,0.9973861569601745,0.002699407104988828,0.0027424199505122885,0.0029012731447710114,0,0.004641039794748947,0.0031998293154881087,2
david,0.07466778974912087,0.7973210295741626,0.14087871960753687,0.18735321489951587,0.40798163832779233,0,0.9917105678671625,0.9273583344540856,2
david,0.07683725058836935,0.7775437755914837,0.15398094577742832,0.18353525154720077,0.37803650940506645,0,0.9916812089162401,0.9235156119836823,2
david,0.07694377287153058,0.7709303270048634,0.15050991628721627,0.19816707871297498,0.40409065405406874,0,0.9916292277335093,0.9259838601018107,2
david,0.07485209353934644,0.8006089478846982,0.14880441841819916,0.19355429150955308,0.44633795060857967,0,0.9915918443811419,0.921445296540795,2
david,0.07685223756073468,0.7988037984134239,0.15209393641786623,0.18469005305197347,0.4451939070428262,0,0.9915477797155156,0.9220426620390122,2
david,0.073599277209142,0.7916015490835658,0.1549990916335413,0.18230160149907637,0.40762480981013055,0,0.9915902916889178,0.9228702269681681,2
david,0.00011034829572803171,0.9998897539755861,0.9998861795699895,0.9998892298541151,0.00010969428773800833,0,0.00012350088059160543,0.00011404379441368583,3
david,0.000444498378363714,0.9995507562100299,0.00045650172651807476,0.0004638107189271959,0.0005038972410885246,0,0.0007944874083677828,0.0005402197078601733,3
david,0.015805767782674715,0.6898671752190072,0.021984373582151405,0.028174762652215832,0.14916368891493428,0,0.9985859536244057,0.9802830838876091,3
david,0.01664121430830159,0.5708791245196844,0.02410863765479194,0.02780963499355862,0.11557068821363736,0,0.9985813080599321,0.9787251858350788,3
david,0.016553188197767372,0.5382733877488107,0.023533307040776143,0.02989515364812278,0.13898991697698412,0,0.9985720777394625,0.9797408718565659,3
david,0.01571882631462024,0.7191388660240443,0.023126292910683938,0.0290098181570055,0.2131023853847275,0,0.998564952658079,0.9775911621279789,3
david,0.01624358948705866,0.7090154298853099,0.023598580591650545,0.027699728201035743,0.21172676180599048,0,0.9985573766219843,0.977870495765385,3
david,0.015517086056597214,0.6610826117391625,0.02417357875472359,0.027528971909938346,0.14776221790619173,0,0.9985651927369679,0.9783818410068501,3
david,4.538257234125574e-05,0.9999547587843982,0.9999547507132415,0.9999547180445699,4.539367470591834e-05,0,4.5344520958790875e-05,4.52461930640356e-05,4
david,7.84719326858544e-05,0.9999216223305079,7.965258535672563e-05,8.098573869875941e-05,8.860873845915474e-05,0,0.00014020700614336134,9.442062650207241e-05,4
david,0.003863150200145682,0.139698006107385,0.003636665523108793,0.004586580117310019,0.05196883232786149,0,0.9997591173809569,0.9961291442648936,4
david,0.00427596748424497,0.07821462648183534,0.003981569548521408,0.004528724519904155,0.030139635933628162,0,0.9997583484081857,0.9957696851791541,4
david,0.004214671542611923,0.07069088166388506,0.003882463284509767,0.004846815998243762,0.04315917520655982,0,0.9997567565838203,0.9959983394751085,4
david,0.0037382157373330575,0.18506155992235082,0.003803807234217548,0.004691307682763471,0.2787174360291754,0,0.9997554720128269,0.9954737648278573,4
david,0.003918627602162612,0.1698153534316672,0.003879014263481101,0.004486775101916394,0.2643366224818671,0,0.9997541733061274,0.9955399679782094,4
david,0.003755331876264985,0.11837432098297612,0.003991237349648113,0.00448447408488319,0.050483227921001066,0,0.999755562947679,0.9956901235388269,4
david,4.5379876742175476e-05,0.9999547587843982,0.9999547507132415,0.9999547180445699,4.539367470591834e-05,0,4.5344520958790875e-05,4.52461930640356e-05,5
david,4.5321593884065984e-05,0.9999546760408514,4.5312699727832035e-05,4.5287033068023385e-05,4.529414036176714e-05,0,4.527491266982939e-05,4.5334785288127585e-05,5
david,0.0009268964056359027,0.01814109855937437,0.0006128985821878148,0.0007689900848897792,0.00938050796306241,0,0.9999546121054181,0.9993203074574994,5
david,0.001100016585566793,0.01100701258893809,0.0006706194834773149,0.0007590102880058504,0.005213876109741049,0,0.999954627938316,0.9992541104391808,5
david,0.0010713855061807687,0.01010400690138851,0.000653899084431602,0.0008117053613686074,0.007600822364444998,0,0.9999546496345787,0.9992958651677222,5
david,0.0008519273516139141,0.02386914838378954,0.0006393535228555947,0.0007840481109156871,0.41596022772533825,0,0.9999547264302834,0.9991979428751987,5
david,0.0009113270447433302,0.02208296578337808,0.0006521283357523628,0.0007505096695995813,0.2531329909896542,0,0.9999546465602779,0.999210545983803,5
david,0.0008881176320595585,0.015800836027386835,0.0006723668580695938,0.0007518677386800515,0.00907511648085605,0,0.9999547497003971,0.9992400058961596,5
david,4.5414052383714495e-05,0.9999547587843982,0.9999547507132415,0.9999547180445699,4.539367470591834e-05,0,4.5344520958790875e-05,4.52461930640356e-05,6
david,4.536174567955475e-05,0.9999546760408514,4.5312699727832035e-05,4.5287033068023385e-05,4.529414036176714e-05,0,4.527491266982939e-05,4.5334785288127585e-05,6
david,0.0003086563812426706,0.0029593624412095586,0.00010398065966546044,0.0001304595264210469,0.0016205940175627231,0,0.9999546121054181,0.9998838971053384,6
david,0.0005233801849022292,0.0018208594227972544,0.00011377435442916733,0.00012873488306801634,0.0008940483072524016,0,0.999954627938316,0.9998724808482788,6
david,0.00047002374999214453,0.0016758715827881892,0.0001109375825971679,0.00013769612350282765,0.0013088328122510442,0,0.9999546496345787,0.9998796696403002,6
david,0.00022042039859480146,0.003898529587055598,0.00010839765074324305,0.00013288315993471145,0.7876682872687407,0,0.9999547264302834,0.9998626295714887,6
david,0.0002587908447420986,0.0036025497272792963,0.00011062723589434565,0.0001272763589271736,0.08377268529325327,0,0.9999546465602779,0.999864959074539,6
david,0.0002799009949354914,0.0025895249078876723,0.0001140812100954151,0.0001275295738532665,0.0015664674688125682,0,0.9999547497003971,0.9998700721730706,6
david,4.534206176473485e-05,0.9999547587843982,0.9999547507132415,0.9999547180445699,4.539367470591834e-05,0,4.5344520958790875e-05,4.52461930640356e-05,7
david,4.526340620381743e-05,0.9999546760408514,4.5312699727832035e-05,4.5287033068023385e-05,4.529414036176714e-05,0,4.527491266982939e-05,4.5334785288127585e-05,7
david,7.880070939142506e-05,0.0004998753964501984,4.539450691007028e-05,4.525080891973051e-05,0.00028063676805669633,0,0.9999546121054181,0.9999547512237954,7
david,0.0002595637945825846,0.0003084045309539263,4.530885197841085e-05,4.528413016750044e-05,0.0001538127078850287,0,0.999954627938316,0.9999546696541332,7
david,0.0001849039172493977,0.0002839993625329426,4.528651517150923e-05,4.52957592879906e-05,0.0002261005743938401,0,0.9999546496345787,0.9999547329066855,7
david,4.53347254601873e-05,0.0006592440262227388,4.535483374003221e-05,4.527905454908983e-05,0.9114896279530549,0,0.9999547264302834,0.9999546541333055,7
david,5.762512463525848e-05,0.0006084263115038566,4.532092060547649e-05,4.5251592809416794e-05,0.015012893529855294,0,0.9999546465602779,0.999954638558427,7
david,6.739086339977266e-05,0.00043783559196274485,4.5271053511193334e-05,4.533850486463656e-05,0.0002710983481833689,0,0.9999547497003971,0.9999546240363942,7
david,4.534926908210711e-05,0.9999547587843982,0.9999547507132415,0.9999547180445699,4.539367470591834e-05,0,4.5344520958790875e-05,4.52461930640356e-05,8
david,4.53685803230608e-05,0.9999546760408514,4.5312699727832035e-05,4.5287033068023385e-05,4.529414036176714e-05,0,4.527491266982939e-05,4.5334785288127585e-05,8
david,4.5294383378339664e-05,8.521711437862695e-05,4.539450691007028e-05,4.525080891973051e-05,4.884236936163995e-05,0,0.9999546121054181,0.9999547512237954,8
david,0.00010760228225104257,5.2578073895883584e-05,4.530885197841085e-05,4.528413016750044e-05,4.5290362392406565e-05,0,0.999954627938316,0.9999546696541332,8
david,5.1008354249552385e-05,4.842192228488563e-05,4.528651517150923e-05,4.52957592879906e-05,4.529461740402513e-05,0,0.9999546496345787,0.9999547329066855,8
david,4.523881122818848e-05,0.00011245341707003059,4.535483374003221e-05,4.527905454908983e-05,0.9761010398100184,0,0.9999547264302834,0.9999546541333055,8
david,4.529107974272067e-05,0.0001037305619233485,4.532092060547649e-05,4.5251592809416794e-05,0.002913296029570419,0,0.9999546465602779,0.999954638558427,8
david,4.533756028396778e-05,7.463947690409643e-05,4.5271053511193334e-05,4.533850486463656e-05,4.714646829924596e-05,0,0.9999547497003971,0.9999546240363942,8
david,5.623316646474571e-05,0.9999547587843982,0.9999547507132415,0.9999547180445699,4.539367470591834e-05,0,4.5344520958790875e-05,4.52461930640356e-05,9
david,4.853977773531098e-05,0.9999546760408514,4.5312699727832035e-05,4.5287033068023385e-05,4.529414036176714e-05,0,4.527491266982939e-05,4.5334785288127585e-05,9
david,4.5268334199531575e-05,4.527025576979579e-05,4.539450691007028e-05,4.525080891973051e-05,4.538654807222878e-05,0,0.9999546121054181,0.9999547512237954,9
david,4.5307798294405045e-05,4.532270619973246e-05,4.530885197841085e-05,4.528413016750044e-05,4.5290362392406565e-05,0,0.999954627938316,0.9999546696541332,9
david,4.53753270678341e-05,4.527582545136163e-05,4.528651517150923e-05,4.52957592879906e-05,4.529461740402513e-05,0,0.9999546496345787,0.9999547329066855,9
david,4.538178012015439e-05,4.53590722079776e-05,4.535483374003221e-05,4.527905454908983e-05,0.9947024346428871,0,0.9999547264302834,0.9999546541333055,9
david,4.534591740993625e-05,4.5377588478674505e-05,4.532092060547649e-05,4.5251592809416794e-05,0.0005759011561590349,0,0.9999546465602779,0.999954638558427,9
david,4.5382205060943886e-05,4.5345853727726765e-05,4.5271053511193334e-05,4.533850486463656e-05,4.53686141712085e-05,0,0.9999547497003971,0.9999546240363942,9
eddie,0.498620331464566,0.500844089698248,0.5009667213166232,0.49801642714278765,0.49645419519049555,0,0.4993612955174571,0.5023163491868148,0
eddie,0.500125959490762,0.49941767739468834,0.5020724458166363,0.4977268083530869,0.5000913571847578,0,0.49856671262485985,0.500771581534233,0
eddie,0.4957661751830968,0.4963204692452266,0.5012972992591174,0.4998516704106201,0.5001938153715196,0,0.5002480238551043,0.5004453002969657,0
eddie,0.5025894035773597,0.5010577268687261,0.500815613411025,0.49895567670428914,0.5001960608209357,0,0.5026159187311727,0.5050101676400793,0
eddie,0.4974835010194788,0.5003022219190549,0.4989511087141874,0.5067026245689793,0.49794534772897747,0,0.49755030204204326,0.5010229956179124,0
eddie,0.4995042020969099,0.5022061560764152,0.5036948783966622,0.4947787773563255,0.501935621850127,0,0.5060606825494581,0.5004881173489654,0
eddie,0.5010340753297663,0.5004474987462509,0.5033525424830168,0.49590169682186724,0.5007516063567516,0,0.5040678753941948,0.49770733470477185,0
eddie,0.5000060472996126,0.500099923429079,0.49997819461468135,0.4988280034910097,0.4940545315141211,0,0.5011695518129362,0.49926674112045216,0
eddie,0.00464070369831406,0.9954252023831921,0.9953974109467295,0.9953967542408182,0.004602140437085016,0,0.005468739994430993,0.004902387422877293,1
eddie,0.0069927771927906475,0.9930726259866607,0.00726581190637739,0.0072427956651836415,0.0070184750817568545,0,0.009024323536132865,0.0076277925339180265,1
eddie,0.33377737320954143,0.6655457169470378,0.5798599756411911,0.5926654475865537,0.3601068410371496,0,0.9562296199295249,0.8195151786051375,1
eddie,0.3472897859177206,0.6741794367908173,0.577961537740971,0.5895008581742426,0.3601167937577552,0,0.9564035703542058,0.8242094193638946,1
eddie,0.3388071757140838,0.6739854948566443,0.5745204162892318,0.609429013239752,0.3556097152991406,0,0.9558090205441351,0.8199728570586976,1
eddie,0.3417595675253414,0.6773486302860957,0.5850626047798302,0.5806030333413725,0.3642392899513613,0,0.9568450863116739,0.8196596805876725,1
eddie,0.3460509894329246,0.6742520593532374,0.5856355966146335,0.5836396419169658,0.3630817762347139,0,0.9564846254929303,0.8156243524533271,1
eddie,0.34201191487563687,0.672316819853038,0.5765356915143207,0.5900996583614809,0.346192549645804,0,0.9563140410588945,0.8189091535407922,1
eddie,0.0006915169680743096,0.9993128289422831,0.9993099947968862,0.9993093750963887,0.0006804962037629327,0,0.000798956341563086,0.0007218407068288851,2
eddie,0.0010465720731974812,0.9989429822899923,0.0010798689052903623,0.001076541699435424,0.0010575295346940286,0,0.001337933515722842,0.001141485981619752,2
eddie,0.07718193474773746,0.5799880398514888,0.2501312183294912,0.2651383630946388,0.14444584507690508,0,0.9928862499829062,0.9434293737271112,2
eddie,0.08228741575739164,0.6078366404675559,0.24803675846549744,0.2607158171550617,0.14498752413317806,0,0.9929111443164943,0.946038209023179,2
eddie,0.07990040911270951,0.6085889957095612,0.24515546613416372,0.2982369959623053,0.1395120307783527,0,0.9928116405675081,0.9436083036822981,2
eddie,0.08006265712684145,0.6195281480321086,0.25787997044049804,0.24625119379632304,0.1516753169742549,0,0.9929838527462584,0.9435324678782193,2
eddie,0.08211779723445,0.6123203940993863,0.26071438838988126,0.25279462174303147,0.1509593595236763,0,0.9929182530023118,0.9410571281988275,2
eddie,0.08053944259155514,0.5978905194041043,0.2466125194712217,0.262310623428803,0.1282597936551364,0,0.9929003217669795,0.9431627556811601,2
eddie,0.00012020479708788696,0.9998813987904339,0.9998811409068213,0.9998809079242453,0.00011675861720010093,0,0.00013675902976863043,0.00012372083341808396,3
eddie,0.0001806435246233089,0.9998173934077473,0.00018494627460198014,0.00018425670428218665,0.0001829986950891409,0,0.00022931899683287859,0.00019612898668147334,3
eddie,0.018017429245892586,0.13875927443994118,0.03984191989085187,0.0384888284318573,0.059518943034262355,0,0.9987849985645929,0.9866660539992875,3
eddie,0.019816170303674725,0.16225615445154085,0.03956084349300616,0.037946168691632025,0.06145707233762155,0,0.9987891091991649,0.9875082057936349,3
eddie,0.019227590977115898,0.16327214025272552,0.03940971151784824,0.044154651129284087,0.05393200774882482,0,0.9987717644539233,0.9867597801178856,3
eddie,0.018934158788551717,0.17515953585078348,0.04107664103503077,0.03563978000262303,0.07269704604682974,0,0.9988016194678769,0.9866858934342493,3
eddie,0.01989614558906599,0.16968000428433627,0.041783143474584054,0.03680299728348716,0.07086698280384056,0,0.9987901293085204,0.9858781926019087,3
eddie,0.01931583726727619,0.14896137365306072,0.0394989784283274,0.03831278207242207,0.043584972746466,0,0.9987876071404899,0.9866171015548966,3
eddie,4.526002924713501e-05,0.9999546768574209,0.999954611169381,0.9999546572970829,4.5322812583037584e-05,0,4.5260091164503386e-05,4.5279913146028394e-05,4
eddie,4.5252412917996826e-05,0.9999547274178959,4.524639740573358e-05,4.53873992890529e-05,4.528737483674584e-05,0,4.530655515609209e-05,4.534497529269891e-05,4
eddie,0.006672179663704345,0.021075931147019767,0.006543652067218754,0.006375308661718567,0.02723304727895101,0,0.9997930860296597,0.9974656792004422,4
eddie,0.008449278147806502,0.024660412624918412,0.006502207231650318,0.006294107671237009,0.031498468779375774,0,0.9997937909429684,0.9976451950632076,4
eddie,0.007991316995511663,0.024777597343832412,0.006497939293469378,0.0073217152257976405,0.020453858016447612,0,0.9997908199210336,0.9974894882158245,4
eddie,0.007375984792717427,0.02688854107081527,0.006723299632617014,0.005908857184212,0.09402441069038751,0,0.9997959318897599,0.997467416227425,4
eddie,0.00854741658526392,0.026057117113023158,0.00684675502230163,0.006103147796046068,0.07165018364060827,0,0.9997939666056069,0.9972953549177964,4
eddie,0.008057658751651771,0.022385617055808847,0.006512492879540753,0.006362531427315875,0.012527499872551525,0,0.9997935421607403,0.9974583846234374,4
eddie,4.5294877003112354e-05,0.9999546768574209,0.999954611169381,0.9999546572970829,4.5322812583037584e-05,0,4.5260091164503386e-05,4.5279913146028394e-05,5
eddie,4.5252412917996826e-05,0.9999547274178959,4.524639740573358e-05,4.53873992890529e-05,4.528737483674584e-05,0,4.530655515609209e-05,4.534497529269891e-05,5
eddie,0.0016284971661912164,0.0033489777453899958,0.0010862982150531015,0.0010592894269191094,0.005594257928411604,0,0.9999547478173706,0.9995589734680719,5
eddie,0.0024022203863308454,0.003882650036353544,0.0010792835089969512,0.0010462180890302597,0.0067886967356839455,0,0.999954743638648,0.9995909886618705,5
eddie,0.0021919875679087468,0.0038980356758088874,0.0010794598506967915,0.0012134573017042218,0.003950037785754195,0,0.9999547347731389,0.9995633529135108,5
eddie,0.0018138048572656717,0.004242966790471725,0.0011090706848650165,0.0009842617731755012,0.46171790728033324,0,0.9999547316546029,0.9995581147270624,5
eddie,0.0024143408888696685,0.00410584359206793,0.0011329807703536947,0.0010156273881515075,0.034601830801470085,0,0.9999546213900558,0.9995279724918822,5
eddie,0.0022246534174161416,0.003536976773342395,0.0010819576515494844,0.0010570041822928916,0.0022722130474744275,0,0.9999546883248347,0.9995577675892746,5
eddie,4.542596124721853e-05,0.9999546768574209,0.999954611169381,0.9999546572970829,4.5322812583037584e-05,0,4.5260091164503386e-05,4.5279913146028394e-05,6
eddie,4.538457865628161e-05,0.9999547274178959,4.524639740573358e-05,4.53873992890529e-05,4.528737483674584e-05,0,4.530655515609209e-05,4.534497529269891e-05,6
eddie,0.000566400485030233,0.0005628663318728624,0.0001844660205968261,0.0001798782031537926,0.000956756579538901,0,0.9999547478173706,0.9999247994161435,6
eddie,0.0019268684437040978,0.0006513378136277217,0.0001832620184648118,0.00017765004546354545,0.0011590765957354985,0,0.999954743638648,0.999930284964876,6
eddie,0.0013312963333157138,0.000653881757312961,0.00018328547066508546,0.00020604709852466442,0.0006757161591892016,0,0.9999547347731389,0.9999255508649787,6
eddie,0.0005980685470326504,0.0007129306405638254,0.00018818348392970007,0.0001671524039665546,0.5716734318091967,0,0.9999547316546029,0.9999246189970862,6
eddie,0.0018793406309064076,0.0006887088524678034,0.0001923888799692756,0.00017245726726136285,0.005694828959472372,0,0.9999546213900558,0.9999194867592677,6
eddie,0.0014099424089115047,0.0005938822005823625,0.00018372090412607634,0.0001794808584018222,0.0003883330089373667,0,0.9999546883248347,0.999924587351818,6
eddie,4.537237085661241e-05,0.9999546768574209,0.999954611169381,0.9999546572970829,4.5322812583037584e-05,0,4.5260091164503386e-05,4.5279913146028394e-05,7
eddie,4.5329050657484744e-05,0.9999547274178959,4.524639740573358e-05,4.53873992890529e-05,4.528737483674584e-05,0,4.530655515609209e-05,4.534497529269891e-05,7
eddie,0.0001204044726322618,9.595634620510381e-05,4.5303478914393124e-05,4.529446407081657e-05,0.00016710061957080056,0,0.9999547478173706,0.9999546866341444,7
eddie,0.0016738274914045645,0.00011103350608084228,4.532216547797625e-05,4.5365571433031675e-05,0.00020287734410151856,0,0.999954743638648,0.999954749379117,7
eddie,0.0004735087194876625,0.00011146170995120284,4.532581615203977e-05,4.537963534905261e-05,0.00011740814581679589,0,0.9999547347731389,0.9999546603698676,7
eddie,0.00012196208363932205,0.00012161728319388769,4.52439997731437e-05,4.5325684592193756e-05,0.5592052950650773,0,0.9999547316546029,0.9999547379240405,7
eddie,0.0013834466685622225,0.00011741660084083655,4.5289798395432164e-05,4.5297561036590575e-05,0.0010229005180238434,0,0.9999546213900558,0.9999546430121744,7
eddie,0.0005342049126040859,0.00010123077751850947,4.527765139357479e-05,4.5352412928427036e-05,6.704201798819009e-05,0,0.9999546883248347,0.999954718819735,7
eddie,4.5290072899363536e-05,0.9999546768574209,0.999954611169381,0.9999546572970829,4.5322812583037584e-05,0,4.5260091164503386e-05,4.5279913146028394e-05,8
eddie,4.535656565904935e-05,0.9999547274178959,4.524639740573358e-05,4.53873992890529e-05,4.528737483674584e-05,0,4.530655515609209e-05,4.534497529269891e-05,8
eddie,4.5356897229940895e-05,4.537153531985213e-05,4.5303478914393124e-05,4.529446407081657e-05,4.528532633167127e-05,0,0.9999547478173706,0.9999546866341444,8
eddie,0.006818734394080814,4.526793055490032e-05,4.532216547797625e-05,4.5365571433031675e-05,4.535769865729123e-05,0,0.999954743638648,0.999954749379117,8
eddie,0.00010681955311649353,4.5281449669873794e-05,4.532581615203977e-05,4.537963534905261e-05,4.538747625592925e-05,0,0.9999547347731389,0.9999546603698676,8
eddie,4.524183148680509e-05,4.525018045487436e-05,4.52439997731437e-05,4.5325684592193756e-05,0.5814066785326462,0,0.9999547316546029,0.9999547379240405,8
eddie,0.0009834071536768442,4.5245062534697504e-05,4.5289798395432164e-05,4.5297561036590575e-05,0.00018689551766091518,0,0.9999546213900558,0.9999546430121744,8
eddie,0.0001255404314299824,4.5396121157818814e-05,4.527765139357479e-05,4.5352412928427036e-05,4.5252256232450954e-05,0,0.9999546883248347,0.999954718819735,8
eddie,4.5295580528278294e-05,0.9999546768574209,0.999954611169381,0.9999546572970829,4.5322812583037584e-05,0,4.5260091164503386e-05,4.5279913146028394e-05,9
eddie,4.535656565904935e-05,0.9999547274178959,4.524639740573358e-05,4.53873992890529e-05,4.528737483674584e-05,0,4.530655515609209e-05,4.534497529269891e-05,9
eddie,4.5356897229940895e-05,4.537153531985213e-05,4.5303478914393124e-05,4.529446407081657e-05,4.528532633167127e-05,0,0.9999547478173706,0.9999546866341444,9
eddie,0.0496140671977459,4.526793055490032e-05,4.532216547797625e-05,4.5365571433031675e-05,4.535769865729123e-05,0,0.999954743638648,0.999954749379117,9
eddie,4.525897762842814e-05,4.5281449669873794e-05,4.532581615203977e-05,4.537963534905261e-05,4.538747625592925e-05,0,0.9999547347731389,0.9999546603698676,9
eddie,4.524183148680509e-05,4.525018045487436e-05,4.52439997731437e-05,4.5325684592193756e-05,0.6037033616054364,0,0.9999547316546029,0.9999547379240405,9
eddie,0.00020810561169048541,4.5245062534697504e-05,4.5289798395432164e-05,4.5297561036590575e-05,4.53270380689111e-05,0,0.9999546213900558,0.9999546430121744,9
eddie,4.538587470883097e-05,4.5396121157818814e-05,4.527765139357479e-05,4.5352412928427036e-05,4.5252256232450954e-05,0,0.9999546883248347,0.999954718819735,9
