0,1,2,3,4,5,6,7,verb,sentence,child,itr
1.0,0.0,0.0,0.0,0.0,0.0,0.0,0.0,DECLARATIVE,0,andy,0
0.0,1.0,0.0,0.0,0.0,0.0,0.0,0.0,IMPERATIVE,0,andy,0
0.504728101799005,0.5011861994396839,0.4977168017747734,0.5032566662476347,0.5006014868069417,0.49782344637251735,0.49860034029441425,0.5000046402614235,know,0,andy,0
0.4983244802702057,0.49568951212653956,0.5017258937229838,0.4996339388302294,0.5007131444494123,0.4982152312630913,0.49967394966715967,0.49358984732477135,like,0,andy,0
0.4996140991023565,0.49910358982510994,0.4996136540439849,0.49999382643594287,0.5061076901508543,0.5033670118067463,0.5045252575656746,0.5021885797462414,need,0,andy,0
0.500843673239621,0.49958296361527665,0.5005360089633362,0.5018171526780995,0.4961368024993565,0.49943662486889323,0.5005479826977604,0.49738956322155836,remember,0,andy,0
0.4989883373597541,0.49914052110337376,0.4972702454268635,0.49918983667010064,0.5011792475121581,0.49679614402821937,0.5017881104362389,0.49698806734453016,say,0,andy,0
0.4992381798837942,0.49792241287012723,0.5042017096166225,0.5036893945326774,0.49595890810842885,0.49914181096234683,0.5026280291170329,0.5034994226819439,see,0,andy,0
0.4980992790064312,0.503611931495976,0.4962170579303807,0.5044300523013739,0.4991795696707339,0.5034614740672181,0.49726076774213435,0.5016202067078956,tell,0,andy,0
0.5037923825638116,0.49749935350770114,0.500754722867028,0.5006385879667041,0.50009189949444,0.5022437350850415,0.5008281716427104,0.5021685503784821,think,0,andy,0
0.5001866292231905,0.4979708702367549,0.5024400162080519,0.5002426122020752,0.5031919621720385,0.50020248026424,0.5004530189063086,0.5017651208683099,try,0,andy,0
0.4996708032041266,0.49740593176914616,0.49745338750048723,0.500680638962307,0.505580292614801,0.49812055144473943,0.5031981475320412,0.496866245174246,want,0,andy,0
1.0,0.0,0.0,0.0,0.0,0.0,0.0,0.0,DECLARATIVE,1,andy,0
0.0,1.0,0.0,0.0,0.0,0.0,0.0,0.0,IMPERATIVE,1,andy,0
0.49928547937909096,0.4760458605982126,0.5458423933169322,0.5530697099298354,0.5497261643605699,0.5457840097284214,0.5469537400015858,0.5485133025975866,know,1,andy,0
0.4945929914461972,0.4966403711701363,0.5153052278198933,0.5125314187857315,0.5139639784482647,0.5105805130003915,0.512609917945047,0.5044154883690125,like,1,andy,0
0.482382678089331,0.5045390267356334,0.516308281313748,0.516882389969832,0.524951879870971,0.521219998261026,0.5229886609042677,0.5196945875766388,need,1,andy,0
0.5194774002822562,0.5023205991592568,0.5022857782141799,0.503948835142439,0.4965167828968001,0.5008589547231556,0.5022551708417877,0.49806849267645553,remember,1,andy,0
0.4942262869161337,0.49981541626982784,0.4956880288665187,0.4982617129712637,0.5008950294411307,0.49502675869835305,0.5017375889121377,0.4952918533731227,say,1,andy,0
0.5281365439819669,0.48203937768693855,0.5661484459307111,0.5651642000396877,0.555351327765591,0.559303349561064,0.5637861894280776,0.5647168485603484,see,1,andy,0
0.4909829074481222,0.5060994145377943,0.5610122475909337,0.5718930335608041,0.5651606651992271,0.5704613147656937,0.562655871501142,0.5681655350644638,tell,1,andy,0
0.5580508714532599,0.46023573019377967,0.5671216490876724,0.566927476866945,0.5668822371209326,0.5694608588297705,0.5675908484808364,0.5689122930662809,think,1,andy,0
0.5109381826814873,0.5137532666369107,0.5260658834488358,0.5232102604185623,0.5273394298285312,0.5230678877105606,0.5236366009055613,0.525385014088238,try,1,andy,0
0.425710763494751,0.580790707936328,0.616851423532899,0.6224480892729527,0.6308604307089046,0.6173076323970687,0.6269098662860165,0.6199880531313482,want,1,andy,0
1.0,0.0,0.0,0.0,0.0,0.0,0.0,0.0,DECLARATIVE,2,andy,0
0.0,1.0,0.0,0.0,0.0,0.0,0.0,0.0,IMPERATIVE,2,andy,0
0.464480382299996,0.49209959314699175,0.4472988358423908,0.4566959090343971,0.44987861844602645,0.4468402523351186,0.44708195608371293,0.44919893910269887,know,2,andy,0
0.4705860043908781,0.5050889847472877,0.5303068441834461,0.5269000747989772,0.5284303557920562,0.5236973205583223,0.5269177650639896,0.5158260673402003,like,2,andy,0
0.445249545734008,0.5199430713404626,0.5090408610273489,0.5097691978770204,0.5189126951266196,0.5152439012108229,0.5172417977563518,0.5126058555150186,need,2,andy,0
0.48823744727710494,0.4901909471728205,0.4670319631425491,0.4691296906327849,0.45852118577072537,0.46499410550189585,0.4665334833755757,0.460900476499047,remember,2,andy,0
0.4833687015115435,0.4987581921575293,0.5027795755128657,0.5062151722747956,0.5095617336502538,0.5018274916211481,0.5107689543028995,0.502156323192967,say,2,andy,0
0.58894081922745,0.43765449758270636,0.4812307499429617,0.47846475572936353,0.4627944522827977,0.47120560633634206,0.4749180637862957,0.4765242867275101,see,2,andy,0
0.48407529002113503,0.5024154989240386,0.6174113504991481,0.6308887564455564,0.6216573903562923,0.629175022641212,0.6188279391236037,0.6255882962754975,tell,2,andy,0
0.6899157604847952,0.37518886141342206,0.5270664917098883,0.5259341444424818,0.5249191054805974,0.5305725668766382,0.5261227548785599,0.5278091767354818,think,2,andy,0
0.501845969920372,0.5164236155121489,0.5413705581080125,0.5377023757821965,0.5432318238560426,0.5374002424390767,0.5383641401264548,0.5406662632891822,try,2,andy,0
0.2233814341890799,0.7636137883038447,0.5876255976153786,0.6035266590374353,0.6231752275054709,0.5883974364245838,0.6170552087044785,0.6046941851968424,want,2,andy,0
1.0,0.0,0.0,0.0,0.0,0.0,0.0,0.0,DECLARATIVE,3,andy,0
0.0,1.0,0.0,0.0,0.0,0.0,0.0,0.0,IMPERATIVE,3,andy,0
0.4518991550863566,0.5021116744589582,0.335723004524097,0.34560940394731804,0.33283937854877144,0.3348894634608748,0.331181929715818,0.3343054426095632,know,3,andy,0
0.43910300543624825,0.5279678283274523,0.5349341812338269,0.5321295981934236,0.5365768541063078,0.5258969023518347,0.5340585739513373,0.5183195832282369,like,3,andy,0
0.40734551362469495,0.5760982721436566,0.4758257408417003,0.48007603231510393,0.49784428792514446,0.48385627888172095,0.4942409481101119,0.4860586753554061,need,3,andy,0
0.49942105764092826,0.4828205496089676,0.42903875634135913,0.43119681713849844,0.416083356132151,0.4260676556732102,0.42672345147517704,0.4197918173451462,remember,3,andy,0
0.43086512533557586,0.5077016334595416,0.4973121194315122,0.5005111829590191,0.4999612797156247,0.49577072512113757,0.5034337865158582,0.49262399925499833,say,3,andy,0
0.6436918580079704,0.3926285127335854,0.4026167039862529,0.39704148160039254,0.37133608481524744,0.38869956866441935,0.3886467272996168,0.3916634044655187,see,3,andy,0
0.45029596211679557,0.5178617020916424,0.6586648187593671,0.6761763400037438,0.6666661043810915,0.672752536341392,0.6626508807526997,0.6700047362638024,tell,3,andy,0
0.6626355535614856,0.31207593680390205,0.47126458502024904,0.4685107904718239,0.4626914568810006,0.475527355052857,0.4658404007229807,0.4688723439082325,think,3,andy,0
0.46599259216013983,0.5175094212851072,0.5471066874701659,0.5430722861891867,0.5517820595304276,0.5418040629478105,0.5450650894310926,0.5475544236713216,try,3,andy,0
0.12835263665180183,0.8669872267577966,0.49121169892563726,0.5308748405275667,0.6036929438966182,0.49403355827225975,0.5852850811369642,0.5477950702827702,want,3,andy,0
1.0,0.0,0.0,0.0,0.0,0.0,0.0,0.0,DECLARATIVE,4,andy,0
0.0,1.0,0.0,0.0,0.0,0.0,0.0,0.0,IMPERATIVE,4,andy,0
0.5948924953492661,0.5267444962426211,0.246900740479195,0.2559964047309721,0.23190475433406504,0.24425084046800744,0.23605768695401222,0.24146090948031368,know,4,andy,0
0.3704651240835693,0.5707625059263447,0.5037561172110027,0.5023764068713708,0.5223811417071907,0.4904198606571923,0.5090268700680253,0.48408114208004877,like,4,andy,0
0.32414652462300747,0.6118651228369468,0.3890052813031337,0.39616576138425796,0.42629406939471975,0.3983244058646584,0.41950829286407293,0.4046626863940192,need,4,andy,0
0.4429802793333951,0.4630666571881168,0.3685262052730996,0.3713400260226581,0.34968975435061134,0.3645858214152835,0.36486367883523213,0.35682693199418086,remember,4,andy,0
0.4951796712411501,0.548513972885632,0.48627345900194174,0.4900869769618761,0.4823977626858113,0.483863750320054,0.4906041166044668,0.47845253292303286,say,4,andy,0
0.566681648482336,0.33469326294013707,0.2768610611611597,0.2709637897801864,0.23439968264949934,0.2608976536924912,0.25778243707868975,0.2625815536342574,see,4,andy,0
0.4594535728663179,0.4949483942786018,0.682933767000755,0.7065978185453018,0.701612491603042,0.699021600230451,0.69353941981975,0.6990688806924528,tell,4,andy,0
0.762190220596399,0.24406513970425142,0.3873805234520901,0.38368406466101557,0.3647036726515289,0.3914370918653803,0.3744459749417641,0.3814460838580979,think,4,andy,0
0.3943686324139031,0.505914908577745,0.5261153309724876,0.5205014142527069,0.5260973629816681,0.5185105388201734,0.5207050950417258,0.5252475201346187,try,4,andy,0
0.0736737690921223,0.9170373044526678,0.32413437464943784,0.37608764952372026,0.7190683086265899,0.3266414904527184,0.5134335113887997,0.40751513164682,want,4,andy,0
1.0,0.0,0.0,0.0,0.0,0.0,0.0,0.0,DECLARATIVE,5,andy,0
0.0,1.0,0.0,0.0,0.0,0.0,0.0,0.0,IMPERATIVE,5,andy,0
0.547003935053365,0.44998623180724284,0.1612503792614985,0.16716126600087122,0.12524840824082784,0.155647366240232,0.14744676541951868,0.15132651188931162,know,5,andy,0
0.27368012698403665,0.6081196131222559,0.4480531634369223,0.44802321152931723,0.46491183775604034,0.4295823243558329,0.4554406713008915,0.42201596372327094,like,5,andy,0
0.2429383725676214,0.6854652555249955,0.28759412745842294,0.2960436807714076,0.36341233102569276,0.2967901710847339,0.32061868072879873,0.30353040382897156,need,5,andy,0
0.772526786662646,0.5047247294388834,0.31524814360492015,0.31500896078921464,0.27135877426495375,0.3056366172084744,0.3018159646016327,0.29247127255927696,remember,5,andy,0
0.4122585247783462,0.5464664255367401,0.42690590845717896,0.432531135542279,0.39520143782905537,0.4234097452159447,0.43235007375989903,0.41703066121271865,say,5,andy,0
0.6931665433970554,0.26740524957245865,0.20193019077597013,0.190531238103912,0.13001606837462254,0.17914697928195708,0.17078352365821034,0.17429877512332048,see,5,andy,0
0.37397557572365386,0.5064440845580576,0.69743846744849,0.7284408791520367,0.7029944701118304,0.7179433828006359,0.7095862563083914,0.7175887731901401,tell,5,andy,0
0.749201900267214,0.1860875139340509,0.25170601046845315,0.24931269880052195,0.21506416760544286,0.2553347653534525,0.24131238415380118,0.24729241849377123,think,5,andy,0
0.3258596434525969,0.5453517866398321,0.48040484294782293,0.47397182994932036,0.4918611533942099,0.46955042675422926,0.47332259554707456,0.4789652237502952,try,5,andy,0
0.034992705878280295,0.9570296865615762,0.15912735556308474,0.19151364202089335,0.7666817410836388,0.16017725154180062,0.27934999150207485,0.20643063091113864,want,5,andy,0
1.0,0.0,0.0,0.0,0.0,0.0,0.0,0.0,DECLARATIVE,6,andy,0
0.0,1.0,0.0,0.0,0.0,0.0,0.0,0.0,IMPERATIVE,6,andy,0
0.5306480886848433,0.45188469503981205,0.09294572719253773,0.09718043833064764,0.07023078384609846,0.08967670213267635,0.08510131853716914,0.08740529314197838,know,6,andy,0
0.21467105464172573,0.695016485643881,0.3797719099939975,0.37988777644566574,0.4917124585658676,0.3574232393968163,0.3887997063272838,0.3482866732085056,like,6,andy,0
0.16571186254033743,0.8043822708944607,0.1792422115206121,0.18594225856220917,0.44302480704790487,0.1865135221935183,0.20552169043412968,0.19158871935956526,need,6,andy,0
0.790718486648685,0.4081926637375932,0.21130198078554394,0.21045912139769404,0.16918756668571835,0.20194393499328994,0.19834523421330036,0.1904822947748217,remember,6,andy,0
0.33403244543347776,0.5532642596925806,0.3785510143541225,0.3856204160774667,0.32372112590087476,0.37423932900331586,0.3855093879019891,0.3664630828440445,say,6,andy,0
0.6604589433024081,0.2641171894389414,0.12349624122920261,0.11425741384810802,0.06962273325711123,0.10629426269006544,0.10020397188090585,0.10232210478871542,see,6,andy,0
0.44096005063862553,0.564491985937043,0.701436430730803,0.7405008888884794,0.7673625129658863,0.725352999844084,0.7112618513077091,0.7222263956087785,tell,6,andy,0
0.8279173981507782,0.1394072863010342,0.16213496566399202,0.16051306744703675,0.12320719622323376,0.16510139459974577,0.15430889990442387,0.15886766257924614,think,6,andy,0
0.26094684515394134,0.6031689117956669,0.4153307606205037,0.4073321827518986,0.5032687564404114,0.4017419689633787,0.40680448907956107,0.41362730760195365,try,6,andy,0
0.020185861464019753,0.9736502185215697,0.07541822895029592,0.09167783582138418,0.8225922595359868,0.07597362098982202,0.1385149950703485,0.0987187178275825,want,6,andy,0
1.0,0.0,0.0,0.0,0.0,0.0,0.0,0.0,DECLARATIVE,7,andy,0
0.0,1.0,0.0,0.0,0.0,0.0,0.0,0.0,IMPERATIVE,7,andy,0
0.6076311591025854,0.40274989366325337,0.0881315391778955,0.07141255578524719,0.03943196851805748,0.06331477236420094,0.05703226938671501,0.058703226910153804,know,7,andy,0
0.15199615335768996,0.772926081163386,0.30831321263068323,0.30841110187886245,0.4928176449599593,0.28381149470482636,0.3182556188637136,0.27388439716552315,like,7,andy,0
0.09479118453940605,0.8807994845577282,0.09869788615197723,0.10261210813930079,0.4541157150652656,0.10310562699864474,0.11434204369933876,0.10600667210342662,need,7,andy,0
0.7832060887230029,0.2818884608343561,0.1259802190212507,0.12348312670296369,0.09710358707380218,0.11758234455751133,0.11447500459360763,0.10944109011890468,remember,7,andy,0
0.28196749037806174,0.6077605555826147,0.31059539224087906,0.3187545998264152,0.23890801982626134,0.3057738876953692,0.31869161638879534,0.297196741335882,say,7,andy,0
0.7697900538968427,0.2005211108299455,0.1649912508153694,0.06942178749763299,0.03449279150252312,0.060889561288066774,0.05222074996560402,0.05302456911308251,see,7,andy,0
0.32973954059423055,0.5732377328957422,0.7227888529025316,0.7721032420617763,0.8149300303179786,0.753912920042863,0.7363989612448173,0.7503276437185881,tell,7,andy,0
0.8673395825461104,0.09867970691781143,0.1122441430065155,0.11096266938996208,0.07666168004160623,0.1146944569989645,0.10583601472992216,0.10955192923100808,think,7,andy,0
0.2046118230414795,0.6784386392144673,0.36650358252866233,0.35669813019611096,0.5503057951106038,0.34995942494876436,0.35610250336738847,0.3644403541186958,try,7,andy,0
0.015890173343402356,0.985423476584124,0.03610612655133981,0.04359856048169902,0.880639363302123,0.03639068343501101,0.06573392011929298,0.04684972073505183,want,7,andy,0
1.0,0.0,0.0,0.0,0.0,0.0,0.0,0.0,DECLARATIVE,8,andy,0
0.0,1.0,0.0,0.0,0.0,0.0,0.0,0.0,IMPERATIVE,8,andy,0
0.5618163608683414,0.3504487154236197,0.09252275581299847,0.039001144501132526,0.021191293845347924,0.03442232928001286,0.030877605469641793,0.03175229046307458,know,8,andy,0
0.09062963876006822,0.8388652430883405,0.24005149971419884,0.24022309428265415,0.4596991650478052,0.2153156580837826,0.25045621216990316,0.20550701946150954,like,8,andy,0
0.05556952552814086,0.9245680916043364,0.06380202216613788,0.06670863180483487,0.409451009332201,0.06706868883463138,0.07553832041625065,0.06923748478436756,need,8,andy,0
0.8528618156133073,0.22902012272506755,0.08847469560397875,0.074591921094156,0.0577167679510784,0.0706730025829278,0.06869354893720214,0.06544223005456938,remember,8,andy,0
0.2186806454904487,0.6493224341601828,0.24908502349665085,0.2579222591126054,0.1775738624984546,0.24397747069051418,0.2578809888119053,0.23493655446908135,say,8,andy,0
0.8030853996106518,0.18195666163950433,0.08379519180877747,0.03397850044595009,0.018120064543891777,0.03022909858496745,0.026416204263825096,0.026805603155299475,see,8,andy,0
0.23068453146396478,0.7130859389741966,0.7209900778868643,0.7893267065922955,0.8664754852156356,0.76545405998564,0.741352852082202,0.7608185443703562,tell,8,andy,0
0.9134493815779233,0.0693247995824657,0.06758668510753449,0.06677067340335069,0.043871997078536965,0.06922017325928434,0.06348236626199714,0.06587673541401971,think,8,andy,0
0.13611925710141728,0.7495414390975098,0.2772981490084205,0.2672728875868527,0.5494370235459582,0.26056139091521124,0.26670804047916097,0.2752365455365137,try,8,andy,0
0.014708879485102659,0.9909132787150284,0.018988682445094742,0.022821151022306214,0.9158489996794912,0.01914280769184432,0.034172476733848135,0.02448907487970323,want,8,andy,0
1.0,0.0,0.0,0.0,0.0,0.0,0.0,0.0,DECLARATIVE,9,andy,0
0.0,1.0,0.0,0.0,0.0,0.0,0.0,0.0,IMPERATIVE,9,andy,0
0.5745602545027978,0.3367203706713827,0.09557704117938538,0.022102562635711524,0.011998589648091595,0.01949811177041437,0.017481813539139173,0.017980870539038123,know,9,andy,0
0.05686308874761245,0.907677367283592,0.15828161300289004,0.15858591078585854,0.5473310777667402,0.13942431566624877,0.16668857534480067,0.13203489388419176,like,9,andy,0
0.030315233235785603,0.9553082041129136,0.03983850650290318,0.041883915931681795,0.44318267079731,0.04213321908360844,0.04813338550730996,0.04365665193319434,need,9,andy,0
0.8949515381557541,0.15900482898182927,0.06190508627653769,0.0427449704540778,0.03290788372496745,0.040440969551185285,0.039288533459615686,0.03738055164186513,remember,9,andy,0
0.2111525178339336,0.7176429191101819,0.19734277098043146,0.20677732857761447,0.12814429592258664,0.19211749280317802,0.2067248554607815,0.18282836312526923,say,9,andy,0
0.8418814303736364,0.1469855703779712,0.1940183362595959,0.0218364866743675,0.010710553453462524,0.01916408198593811,0.01648455402304823,0.016749519912291982,see,9,andy,0
0.15745325133920038,0.7840052164657659,0.741943888825569,0.8249564196405532,0.9107654664372852,0.7974393399280877,0.768114525592397,0.7919589118070604,tell,9,andy,0
0.9454288923485882,0.042037349887558854,0.0413778853736198,0.040890630495290445,0.0236768617322297,0.04250352023058112,0.03873545663446179,0.040301854816243904,think,9,andy,0
0.08804954385897307,0.8234521599046191,0.20308562037996972,0.19386909939970312,0.5743660149897153,0.18774592661516618,0.19335882827852993,0.20127903597763927,try,9,andy,0
0.011044262359318342,0.9944176161441076,0.009757064880906306,0.011592822284878037,0.9443632267705541,0.009836834571344773,0.016876702339250007,0.012385612035545694,want,9,andy,0
1.0,0.0,0.0,0.0,0.0,0.0,0.0,0.0,DECLARATIVE,0,bobby,0
0.0,1.0,0.0,0.0,0.0,0.0,0.0,0.0,IMPERATIVE,0,bobby,0
0.4987825406432518,0.5013680010378184,0.5004096000265049,0.499747924991568,0.5014532176322676,0.4980205998707929,0.4992293154543889,0.5019681547190631,know,0,bobby,0
0.5009874291520847,0.5013247126204408,0.49819539692200404,0.5029891279148405,0.4979555073581344,0.5005739273538901,0.497293714585636,0.49534326764614767,like,0,bobby,0
0.49854575877142043,0.4991800917568955,0.5007828986112636,0.503775267922418,0.4952666225915887,0.4976623092145327,0.5022304088237305,0.4997488433205501,need,0,bobby,0
0.5021118552845142,0.49948975246851324,0.499546635936343,0.5039745860511721,0.5021786012079779,0.4987006721753183,0.4982331915024246,0.497667001710262,remember,0,bobby,0
0.49983387088970255,0.499655529300738,0.49835645541581775,0.4978678855062828,0.5015124758174614,0.5022667500064095,0.49897360684343295,0.5002693337033769,say,0,bobby,0
0.4965939563678179,0.5001502504809636,0.5021814006772165,0.5054857739042761,0.5006689256184108,0.5017843696778276,0.5004917599970974,0.5007237164453988,see,0,bobby,0
0.5008031503988477,0.5002942533179222,0.4979164282997593,0.5009040236249405,0.5003434721414793,0.49914716264235637,0.49930130782360327,0.4979282594955656,tell,0,bobby,0
0.4997264338660814,0.4985252746329436,0.49955226365515487,0.49878253432054204,0.49596637589056797,0.5023580852719514,0.4961767026492383,0.49955338769996044,think,0,bobby,0
0.5015127369291608,0.49825995581698895,0.5011108349079659,0.5032089494214586,0.4964106758866897,0.5011374730757263,0.5034314753211954,0.5001596816779038,try,0,bobby,0
0.5058261276887297,0.4996834799646528,0.5046575740332869,0.4953610419897432,0.49859283778255814,0.5010491315324648,0.49973127212839624,0.5006895352387878,want,0,bobby,0
1.0,0.0,0.0,0.0,0.0,0.0,0.0,0.0,DECLARATIVE,1,bobby,0
0.0,1.0,0.0,0.0,0.0,0.0,0.0,0.0,IMPERATIVE,1,bobby,0
0.5761413332468597,0.48450245635039974,0.5397370858625566,0.5389027309293656,0.5411161333177268,0.5368099960550301,0.5383641288262886,0.5413080246300741,know,1,bobby,0
0.5006758850841413,0.5279658977882983,0.6013516786499321,0.6045715479767167,0.5994947531247654,0.6013385065495342,0.5980025908808715,0.5957028460350104,like,1,bobby,0
0.4825885314810369,0.5011878308175983,0.5767171609002996,0.5805773442731192,0.5701236813005144,0.5734511232564747,0.5788785190812056,0.5756991677465797,need,1,bobby,0
0.5303885865157748,0.5069344453496434,0.5137013611276956,0.5190163892751514,0.5169252902307507,0.5125940755281084,0.5121160992385501,0.5112360795988024,remember,1,bobby,0
0.5105951352703179,0.4883196121726258,0.5459283547673893,0.5453086735912268,0.5498338605529333,0.5507767495840986,0.5467853013184854,0.5480775428230441,say,1,bobby,0
0.5011797299055853,0.4929939812709179,0.5678658601814468,0.571823363500305,0.5660578914641183,0.567425351097161,0.5654770575824477,0.5660315744590251,see,1,bobby,0
0.5580189195053202,0.5048757955775985,0.5841803876413013,0.5872019811309152,0.5868886414168208,0.5851205275858824,0.58548725010731,0.5833951232000273,tell,1,bobby,0
0.6146705678902925,0.3793792419686815,0.6060837908941236,0.6051931344022705,0.6023164887645107,0.6095418518340432,0.6023746691818501,0.6054644254561331,think,1,bobby,0
0.5243659283515254,0.5182201325686733,0.5492061126604798,0.5506226206631065,0.5428426773791862,0.5480219893453333,0.5510685544533259,0.5469981251710145,try,1,bobby,0
0.4829206644179638,0.5378386493877446,0.659320907075092,0.6437544680001979,0.6493939178051841,0.6500614375296446,0.6493318648773785,0.6507599712616847,want,1,bobby,0
1.0,0.0,0.0,0.0,0.0,0.0,0.0,0.0,DECLARATIVE,2,bobby,0
0.0,1.0,0.0,0.0,0.0,0.0,0.0,0.0,IMPERATIVE,2,bobby,0
0.6497268924850526,0.40522469940022227,0.5137335519385842,0.5148798762321096,0.5170044083347405,0.5124423837747599,0.5138918320260121,0.5171558632540791,know,2,bobby,0
0.4588583956550574,0.5301089456444502,0.616254278430748,0.6169372601683903,0.6115081986857203,0.6127807954733778,0.6088880135804154,0.6072889464890902,like,2,bobby,0
0.465948839371806,0.5040157887153635,0.5708047616731551,0.5766408446865022,0.5634359588361139,0.5680162311210588,0.5740673231539463,0.5710197915299007,need,2,bobby,0
0.5369901291331226,0.5084501176854275,0.5166929845818184,0.5231646348027658,0.5206188648933022,0.5153443734883186,0.5147621723727005,0.5136902607888361,remember,2,bobby,0
0.5055860330488956,0.47777830894823764,0.5530237967809927,0.5539592989006621,0.5590169345363931,0.5608651451410347,0.5555544770268303,0.5571382600148875,say,2,bobby,0
0.5000785709266352,0.4827237528930827,0.5295634975826721,0.5381978128878914,0.5296062485571835,0.5326768757537699,0.5292923245850368,0.5309589112841988,see,2,bobby,0
0.5644853239405232,0.49122041603913996,0.6277942825305711,0.6309784579015472,0.630756563268694,0.6284477244466674,0.6289398272297586,0.6264381585552755,tell,2,bobby,0
0.6688408960100243,0.3480738782513945,0.5778696681290292,0.5788641720057207,0.574637192814343,0.5843336877862593,0.5749234262699044,0.5790333892855998,think,2,bobby,0
0.5012779126678831,0.5042915959816874,0.565004665186578,0.5635009373485735,0.5550624367770254,0.5602651074811578,0.5642813830694611,0.5595058798384208,try,2,bobby,0
0.38700277051795196,0.6085114796187309,0.6476578005847908,0.617694475855736,0.6266731294402775,0.6242040527553725,0.6235001589948318,0.6290713976685378,want,2,bobby,0
1.0,0.0,0.0,0.0,0.0,0.0,0.0,0.0,DECLARATIVE,3,bobby,0
0.0,1.0,0.0,0.0,0.0,0.0,0.0,0.0,IMPERATIVE,3,bobby,0
0.6507121632067163,0.33435600581742486,0.43254364713151056,0.4406851521014629,0.4414158661125633,0.4382502229042885,0.4383817742973281,0.4437495132307582,know,3,bobby,0
0.4170756244460097,0.5725911792287612,0.6648721003291358,0.6328894782686557,0.6309282473245982,0.6267708076864532,0.6243905093800785,0.6231387580999088,like,3,bobby,0
0.4305550875669442,0.5224620512624913,0.5763334858385039,0.5996216819098812,0.578233337567133,0.5909175368137412,0.5930963135461872,0.5938327402516179,need,3,bobby,0
0.5450064243483217,0.510296839966614,0.5203360216171891,0.5282129974865284,0.5251151063147393,0.5186938898910637,0.5179848897827827,0.5166794943258776,remember,3,bobby,0
0.5197883390787678,0.47601202617338007,0.5191892848087215,0.5254018283017373,0.5302211462443985,0.5343036719844415,0.5264823173691204,0.5294577215279606,say,3,bobby,0
0.5362118197928021,0.4120783707022915,0.4804025331457954,0.5067493024343932,0.49230590701563043,0.5011797799170364,0.49380919487914343,0.4972557630452521,see,3,bobby,0
0.7111042598624109,0.47850751710374545,0.6483076816080798,0.6540441100363144,0.6542371165034769,0.650960509228242,0.6520854879048543,0.6483710071198867,tell,3,bobby,0
0.7656742300186746,0.2536015928220455,0.513047905753373,0.5219643156912469,0.5151541238497225,0.5294136060011834,0.5163063907287591,0.5220302587406107,think,3,bobby,0
0.47922334552561374,0.5023269775802529,0.5651206612668276,0.5567212359980316,0.5475115645569556,0.5525737127541659,0.5575463006395877,0.5527855404064098,try,3,bobby,0
0.3217632165291252,0.7349958559651619,0.7496045475633704,0.5936967211043571,0.6178719234834921,0.5994909804361837,0.6040030335250175,0.6123732517262915,want,3,bobby,0
1.0,0.0,0.0,0.0,0.0,0.0,0.0,0.0,DECLARATIVE,4,bobby,0
0.0,1.0,0.0,0.0,0.0,0.0,0.0,0.0,IMPERATIVE,4,bobby,0
0.6506758992543691,0.28692944546387705,0.35603854906232935,0.3753987736580699,0.3766066136620858,0.3724669040277945,0.3730247502717753,0.37899896627389545,know,4,bobby,0
0.3688020637506386,0.6321311951920031,0.6911348002619517,0.6034150615615443,0.600757684384522,0.595623326326528,0.5926591772816022,0.5902829509819721,like,4,bobby,0
0.3976624906389005,0.5411073264446603,0.5608832911141254,0.6155647937908475,0.5881763556697263,0.6055924303142556,0.6067898046874489,0.6088302901995468,need,4,bobby,0
0.5547252298489966,0.5125467309871633,0.5247708679638108,0.5343529399492601,0.5305857248881214,0.5227720543514294,0.5219089148562986,0.520319631297911,remember,4,bobby,0
0.6466906874919504,0.4778457210378426,0.491847843408087,0.5123532507717362,0.51839247422649,0.5231881574855654,0.5138998186953508,0.5170833543697482,say,4,bobby,0
0.5398017260732427,0.4056595943389868,0.45069146801037263,0.4443814618124462,0.4291976152223343,0.4370723843918479,0.42988453252222236,0.4331481336364045,see,4,bobby,0
0.7329039127466133,0.44845760420948216,0.6907885105261712,0.6793934442778904,0.6800639654110935,0.6757370188742828,0.6772878456829802,0.6729476807137432,tell,4,bobby,0
0.8024073912615872,0.19759858519612497,0.4186640020984881,0.45127788521520923,0.4427837602258659,0.460606058710903,0.44427721886685345,0.4515321649970009,think,4,bobby,0
0.4822699720859724,0.5063733694296535,0.5959337107297914,0.5337189567919629,0.5241064977735741,0.5282211173195194,0.5353375002782313,0.5291322629081173,try,4,bobby,0
0.2703950292202084,0.8106716152510067,0.8007356690566398,0.49681851621792283,0.5232962504161388,0.5067447723940456,0.5101007073845163,0.5196213943844665,want,4,bobby,0
1.0,0.0,0.0,0.0,0.0,0.0,0.0,0.0,DECLARATIVE,5,bobby,0
0.0,1.0,0.0,0.0,0.0,0.0,0.0,0.0,IMPERATIVE,5,bobby,0
0.6987153875805037,0.2932262196296963,0.24366505495236968,0.2786686769435092,0.2803150016329133,0.27565779244917876,0.27657613886060395,0.28236760754370455,know,5,bobby,0
0.30754565707323606,0.6862984731421674,0.7226927300042337,0.5838354547731204,0.579519620173342,0.5741474530254048,0.5699032846511758,0.566707410129327,like,5,bobby,0
0.36370139177575483,0.5707987823331238,0.5011405889345248,0.5981595343506754,0.5649342955927131,0.585285107213952,0.5878492007174217,0.5894835449170679,need,5,bobby,0
0.566480601876623,0.5152874681037162,0.5301670116960817,0.5418135572875501,0.5372369755820016,0.5277353458337518,0.52668505354378,0.5247509620346243,remember,5,bobby,0
0.49847809609559346,0.4091398648791471,0.39760296635570674,0.4436221128859114,0.45144352583546893,0.45674284130489307,0.44572855472591316,0.4494839429759401,say,5,bobby,0
0.5247483668321479,0.3927711387716915,0.3335609469390553,0.3923961304331607,0.3751477255876288,0.3837987885514617,0.37588324921908506,0.37934186796889013,see,5,bobby,0
0.6850351464703437,0.39736387950229884,0.699169339753645,0.6986029501987807,0.6992800271569206,0.6943729837293181,0.6960976803325563,0.6911240064666623,tell,5,bobby,0
0.8312837998028512,0.14985653957108422,0.3018321972879923,0.35786964047212627,0.3487240888085952,0.368455503600484,0.3501620380039407,0.35834069304406224,think,5,bobby,0
0.4120977727455234,0.5431388555599818,0.5522505300225107,0.45637335676486807,0.44339298790691145,0.44971357739352225,0.45819144435780895,0.45022159700220116,try,5,bobby,0
0.15575746886490405,0.8382934142356904,0.8101607503943925,0.3880931225609812,0.41715989231404177,0.4012220698551544,0.40389944553882673,0.41479726327795335,want,5,bobby,0
1.0,0.0,0.0,0.0,0.0,0.0,0.0,0.0,DECLARATIVE,6,bobby,0
0.0,1.0,0.0,0.0,0.0,0.0,0.0,0.0,IMPERATIVE,6,bobby,0
0.7116003332676594,0.23015668031455755,0.16190742870446093,0.19997021941915216,0.20159706060313254,0.1973068490574185,0.19825499280786527,0.20324186285808288,know,6,bobby,0
0.20523140887082736,0.7738875355799019,0.7421081878643634,0.4967787188987591,0.4895814119999615,0.48401638419979115,0.4776584018750951,0.4731680865552213,like,6,bobby,0
0.32059850811177376,0.6033388994872767,0.44181426625283965,0.5974943246153631,0.5571178857293744,0.5815628971260715,0.5851149438036408,0.5867710344168879,need,6,bobby,0
0.6687002824466272,0.531656410906314,0.5135971688011822,0.5336227764600487,0.5280438193546442,0.5164638230501766,0.5151868911742368,0.5128337335345509,remember,6,bobby,0
0.5269895735109265,0.4483245260013178,0.3039359087961288,0.3802781458680767,0.3894406343569329,0.395330522037094,0.3827762892081132,0.3870379318611154,say,6,bobby,0
0.52158979530384,0.4443908960078511,0.2714487044848745,0.29185222755027196,0.27551282715509634,0.28319612047717,0.27603462592950617,0.27899807635552193,see,6,bobby,0
0.7752455258092983,0.38624039974365665,0.7209831182207822,0.7139821927048841,0.7147106686597617,0.7090103479876493,0.7109917857304916,0.7051747890998259,tell,6,bobby,0
0.8422443538106277,0.13933942932015483,0.2023864335391814,0.27203654318899956,0.2631927750896075,0.2826657629209371,0.26448862971072973,0.27257907695726996,think,6,bobby,0
0.33517690218371016,0.6807541969720259,0.6373379125985397,0.3508057865578663,0.33592786652991913,0.34350868397834805,0.35274761663830445,0.3437152829839815,try,6,bobby,0
0.13942487601164277,0.865892542159116,0.8366933721992822,0.285374432864615,0.31450255204198035,0.2992130164121054,0.3015495277425484,0.31269062173375756,want,6,bobby,0
1.0,0.0,0.0,0.0,0.0,0.0,0.0,0.0,DECLARATIVE,7,bobby,0
0.0,1.0,0.0,0.0,0.0,0.0,0.0,0.0,IMPERATIVE,7,bobby,0
0.757954013827993,0.20492963470677902,0.10500009634533805,0.14265382862147358,0.14402255521586735,0.14050187056036426,0.14130816043290106,0.14530067511061617,know,7,bobby,0
0.14556953076797996,0.8354425872934487,0.7701439883554559,0.4302450365026288,0.42105325370829977,0.414781078921944,0.40692767002124836,0.40148870452890784,like,7,bobby,0
0.27057146142803684,0.6617283205202866,0.31942053511259444,0.5610233966896524,0.5103306696906651,0.5403869357395626,0.545564149003683,0.5471293617947486,need,7,bobby,0
0.7408485298673513,0.5362027096966601,0.48808731570549846,0.5210051072184807,0.5142095074263583,0.500139185717288,0.49858796945443207,0.4957389179552468,remember,7,bobby,0
0.6023594027255503,0.4588018053048397,0.20948500594469965,0.29925808728599274,0.30882954137940394,0.3147903386761145,0.30188444628644706,0.30622495032635505,say,7,bobby,0
0.5551621427211441,0.3749741872244936,0.1869348991310442,0.23105041285675373,0.21552127602895374,0.2226674429690738,0.21597163898361654,0.2186885097955548,see,7,bobby,0
0.7642715333621698,0.33495035307532955,0.732271090005707,0.7267131319127428,0.7275242775688976,0.7207812433538826,0.7231070711132336,0.7161829642904879,tell,7,bobby,0
0.8938218491859996,0.10400302418652542,0.12743916408296285,0.1946721112247007,0.18729021352808173,0.2037784192730433,0.18833319566959972,0.1951538518152297,think,7,bobby,0
0.33425422664600196,0.7073837260207348,0.5560945951627007,0.2629022431633878,0.24847426427882285,0.25589588425387116,0.264758935704601,0.2559827727338307,try,7,bobby,0
0.09207755205965738,0.9068259956484088,0.8501149413453517,0.17625547793767177,0.19876575916433284,0.18713408992260472,0.18880350036718618,0.1975790310797056,want,7,bobby,0
1.0,0.0,0.0,0.0,0.0,0.0,0.0,0.0,DECLARATIVE,8,bobby,0
0.0,1.0,0.0,0.0,0.0,0.0,0.0,0.0,IMPERATIVE,8,bobby,0
0.7526080849107853,0.17149912918141413,0.06618217977073615,0.09709933209774217,0.09811257735192792,0.09554153773739017,0.09614135637809071,0.09901628322472965,know,8,bobby,0
0.10434897276482111,0.8805818815291894,0.7940359543357142,0.36616392126664,0.3556087093666076,0.3487597879633659,0.3399684225145651,0.33395670428460106,like,8,bobby,0
0.20892680260429994,0.7203407863252638,0.2084382663050407,0.5197124474661832,0.4570604247727179,0.4936373252741731,0.5004497404748879,0.5021214559373832,need,8,bobby,0
0.7775070194280979,0.544059299939546,0.48549244434572053,0.5255789697224801,0.5173076235450168,0.5001695660167806,0.4982797677844977,0.4948089279955286,remember,8,bobby,0
0.5267443723588402,0.38744985978579916,0.14007050813153396,0.22387460182620894,0.23268741014715325,0.2381349923031594,0.22629332495083615,0.23023908843426974,say,8,bobby,0
0.6451621958073812,0.29511348220996914,0.09816655766778956,0.14342682048239508,0.13312345749243598,0.1377573788360188,0.13338876311714432,0.13512033478084184,see,8,bobby,0
0.73491633731786,0.2878807575746898,0.7530344034334534,0.7451615189705746,0.7460778354760417,0.7382463025809393,0.7409432795538591,0.7328557844654968,tell,8,bobby,0
0.9130335251318826,0.07649116634956302,0.07622625693046073,0.13951470308671818,0.13361437829135211,0.1469185035566696,0.13443321797162866,0.13990876866626448,think,8,bobby,0
0.2271374378886038,0.738283709527991,0.5418808823218094,0.18711160955518596,0.17508349316401028,0.1812701760649884,0.18866534848838185,0.1813065284362574,try,8,bobby,0
0.11884770394647791,0.8996311463774563,0.8706179321532285,0.1048817697783085,0.11968241185076077,0.11202683542652996,0.11310416095221593,0.11892969186537362,want,8,bobby,0
1.0,0.0,0.0,0.0,0.0,0.0,0.0,0.0,DECLARATIVE,9,bobby,0
0.0,1.0,0.0,0.0,0.0,0.0,0.0,0.0,IMPERATIVE,9,bobby,0
0.840517893540491,0.15265896802282802,0.04061071207307344,0.06507811679576196,0.06578609109987402,0.06400334615009005,0.06442358921294801,0.06640033321191272,know,9,bobby,0
0.0645487129455026,0.9223151257309491,0.814291733523462,0.253243501007015,0.24364422277804898,0.2377488488661688,0.23006882109314017,0.22491216207784007,like,9,bobby,0
0.1650332052852872,0.7658666848472196,0.1551326729105114,0.5050258431567118,0.4293121346980004,0.47322831482563704,0.481570717984281,0.4835459534154333,need,9,bobby,0
0.8146847089051812,0.5535882260972601,0.4823335178399994,0.5311423720898284,0.5210792336110657,0.5002065774732203,0.4979042973833136,0.4936760196309298,remember,9,bobby,0
0.5228072103535623,0.41309520575121406,0.0889441172950619,0.16883114367243546,0.1764061637199745,0.1811117426068827,0.17090596449559758,0.17428244507603302,say,9,bobby,0
0.6452434192573336,0.3106587906486456,0.07861266525923907,0.11561186983540483,0.10621895017610912,0.1104322178928666,0.1064609664561618,0.10803217372804423,see,9,bobby,0
0.7516868600603727,0.2585632059741781,0.7911461569685625,0.7738043808548417,0.7747927594643897,0.7662339708148835,0.7691865338120975,0.7602893518321745,tell,9,bobby,0
0.9189410490849318,0.05562020852667067,0.050554408495306714,0.11266196492916002,0.10718742588126336,0.11961388955174014,0.10794485558142645,0.11302726444417441,think,9,bobby,0
0.22018909923481236,0.7813860854869776,0.5319294465152361,0.13212417999292403,0.12277663809821426,0.1275711439177926,0.13334175421069913,0.12759124381325176,try,9,bobby,0
0.12735703615700011,0.927701520631084,0.8945750695565678,0.06489382598229647,0.07441151893434483,0.06946413359747344,0.07016043595074618,0.07391886333554654,want,9,bobby,0
1.0,0.0,0.0,0.0,0.0,0.0,0.0,0.0,DECLARATIVE,0,charlie,0
0.0,1.0,0.0,0.0,0.0,0.0,0.0,0.0,IMPERATIVE,0,charlie,0
0.49836012963850723,0.4995577710694582,0.49836634766548926,0.4970849129130031,0.49707713794238817,0.4997678682051935,0.5017028519811301,0.5022169801002991,know,0,charlie,0
0.5031065754927728,0.4973560720307494,0.5014433403986683,0.4977203796651733,0.4963901007881243,0.4977776681915922,0.5004539519839513,0.505683098876766,like,0,charlie,0
0.49776967867323113,0.49872957816416147,0.4981386296006802,0.4947663448614175,0.49474704161623373,0.49495178287057057,0.49956225476320615,0.49965253979719626,need,0,charlie,0
0.4975628722207639,0.49706652709563137,0.5011831101947251,0.4998202094968677,0.5008355093071128,0.5018159560233871,0.49414706961498917,0.5036434243646705,remember,0,charlie,0
0.49700549598009985,0.5010751350266731,0.500000077875879,0.5003383434657036,0.4967574892374157,0.49813621688005405,0.49959039767611046,0.49843019248708453,say,0,charlie,0
0.5027443760303434,0.4979915695492047,0.49981541564092674,0.498004221425447,0.5031977830325896,0.5033327446047864,0.4980362135425185,0.49801176018967674,see,0,charlie,0
0.5010545240373545,0.49959892309404974,0.5006579012557988,0.49907884498275806,0.5007203682886193,0.49794840936443907,0.5027598722019441,0.5018083288932644,tell,0,charlie,0
0.5030263042072058,0.4986935114937328,0.4958595529972282,0.4976505622447748,0.5012902774717314,0.49924547196511665,0.4980061387682511,0.5063026771683335,think,0,charlie,0
0.49952664062743907,0.5036174546491546,0.5011527186057652,0.5001121865501642,0.49967206624385296,0.5001998317025103,0.4981290900102205,0.49871361101049055,try,0,charlie,0
0.49969870669621397,0.49794800909326786,0.5046770143822491,0.5007683911713793,0.5014790956193513,0.5041464784370111,0.5021087251259116,0.5001055734270587,want,0,charlie,0
1.0,0.0,0.0,0.0,0.0,0.0,0.0,0.0,DECLARATIVE,1,charlie,0
0.0,1.0,0.0,0.0,0.0,0.0,0.0,0.0,IMPERATIVE,1,charlie,0
0.5667768834327016,0.4581052075063538,0.6424825250869832,0.6414161164922935,0.6418676287707444,0.6433182262892062,0.647138288349117,0.6469797971838377,know,1,charlie,0
0.5103765788646798,0.5208197798398004,0.584907249764764,0.5799638587418671,0.5788333260093425,0.5800220962097923,0.5836152110034389,0.5901825932739659,like,1,charlie,0
0.5295804767239853,0.5044269420636767,0.5485280320985195,0.5440839460051976,0.5446465693653696,0.5442196558913919,0.5502473214289463,0.5502998797984856,need,1,charlie,0
0.5195354879258117,0.49481810180752195,0.5253149928303948,0.5238252768144817,0.5250633086141453,0.5260095500309997,0.5172002283039281,0.5282067847329603,remember,1,charlie,0
0.5465458837192708,0.4922099991704016,0.5482101890442448,0.5481808900329771,0.5446377273128515,0.5455752729011565,0.5477099440312531,0.5461588423286448,say,1,charlie,0
0.5781859985248179,0.4668182395859948,0.5691047546610638,0.5675395285269816,0.5736669094526015,0.5730092534609388,0.5676893097648014,0.5669738599303499,see,1,charlie,0
0.5304724878761586,0.4976013378959393,0.6440146468810704,0.6429121842704547,0.6447081094542778,0.6405809921395167,0.6470279437688556,0.645779544287646,tell,1,charlie,0
0.5763702681535573,0.4805269440513232,0.6229757857400727,0.6243659257146392,0.6300880936649537,0.625874570319325,0.6257056675061302,0.6347792913020263,think,1,charlie,0
0.49668007321002333,0.5064807484927981,0.5039406014124135,0.5026014398572479,0.5021354465053528,0.5027226691785922,0.5003317410223824,0.5010944885690389,try,1,charlie,0
0.47135795754184595,0.5398929716238114,0.6545703432672627,0.6480693288228785,0.6502695330592903,0.6519273215019151,0.6509215075527539,0.650162655865962,want,1,charlie,0
1.0,0.0,0.0,0.0,0.0,0.0,0.0,0.0,DECLARATIVE,2,charlie,0
0.0,1.0,0.0,0.0,0.0,0.0,0.0,0.0,IMPERATIVE,2,charlie,0
0.6051542728525139,0.36096303151779896,0.6156544525856871,0.6189594018972691,0.6162822823564321,0.6191566011339201,0.6231542102185637,0.6217500665398183,know,2,charlie,0
0.49178485938810884,0.5211166521544285,0.6036381784331256,0.5974233242622264,0.5961191252088719,0.5976701850099365,0.6017312477748221,0.6098280770573238,like,2,charlie,0
0.546723558938034,0.5000539468709563,0.596459160533275,0.589805480041846,0.591758766554927,0.5899394950525014,0.5982507774958998,0.5986275059585049,need,2,charlie,0
0.5109119981837178,0.4829978718077385,0.5135304922348475,0.5118028966151548,0.5131618685091281,0.5144969755338713,0.5038331022071163,0.51685338246197,remember,2,charlie,0
0.5692766461970412,0.4399312562715553,0.5680947297203128,0.5678413407550944,0.5645831096574403,0.564891045182234,0.5677009461283833,0.5653113380047586,say,2,charlie,0
0.5490240546212799,0.42761216567095767,0.5325315844993215,0.5332846272054055,0.5383233982607154,0.5390021670836571,0.5316295040971294,0.5304520137410386,see,2,charlie,0
0.5257212350123461,0.47760927085273214,0.6762173508879846,0.6755814003478561,0.6772170828859728,0.6727123790753022,0.6797891896572379,0.6782307621677256,tell,2,charlie,0
0.5601804851762469,0.40949651674156423,0.5789195997845342,0.5807380140489382,0.587773343385432,0.5829538567553051,0.5821627447274209,0.5924702092099156,think,2,charlie,0
0.46980749693920376,0.5068074530055526,0.46969920835851686,0.4682327053101743,0.4672612389996478,0.46860295871323476,0.4651049218477086,0.466295722756148,try,2,charlie,0
0.39633616497606505,0.6124452176691123,0.6568373067030507,0.6449807751288037,0.6475627824343423,0.6507562122322652,0.6491915161719831,0.6522242682698904,want,2,charlie,0
1.0,0.0,0.0,0.0,0.0,0.0,0.0,0.0,DECLARATIVE,3,charlie,0
0.0,1.0,0.0,0.0,0.0,0.0,0.0,0.0,IMPERATIVE,3,charlie,0
0.6266905183800584,0.3372416117332637,0.5654305072278387,0.5768327111082107,0.5682738323709706,0.5731568370239727,0.5794259677796829,0.5752887546538593,know,3,charlie,0
0.4569196672080401,0.5323369232950298,0.5954057772887912,0.5836612522339965,0.5817968653694309,0.5853112743464326,0.5896199693117153,0.6027178262014231,like,3,charlie,0
0.5485387779024048,0.481057851582578,0.6044404902141485,0.59517623722324,0.5984083752232588,0.5955245286830152,0.6060523705969386,0.6068977350840756,need,3,charlie,0
0.544699971219929,0.48293478717482136,0.5045049796813271,0.5055321746631721,0.5068194329747693,0.5066197161381032,0.496418515930836,0.5091758048267557,remember,3,charlie,0
0.5416653637719593,0.4158570995776867,0.5443202341140984,0.5444385095466446,0.5399079066664786,0.5412210802226066,0.5437258769199951,0.5409180351198316,say,3,charlie,0
0.5691859368008783,0.4109421239359375,0.48255751557702947,0.49127736008138945,0.49290029228744664,0.4939345003168481,0.4868544755274099,0.48204250377330576,see,3,charlie,0
0.5390845982084614,0.46611403938925383,0.6753786774707872,0.6775922997608881,0.6787900259497067,0.672940509342463,0.682025324101537,0.6780967533949049,tell,3,charlie,0
0.5861160162090838,0.37699634026507,0.5290799344515503,0.5323858417450315,0.5420253169535206,0.5351965729176523,0.5342336964071276,0.5456223031860966,think,3,charlie,0
0.45162173321666577,0.5219375188929385,0.45104712813023556,0.4497890131460943,0.44733892312950096,0.4507890682686371,0.44481696931748627,0.44693045661525566,try,3,charlie,0
0.321741380193805,0.6572435897068689,0.6248670964451318,0.6043327538060573,0.6059707167034558,0.6137397856513703,0.6097436729981571,0.6190289330118809,want,3,charlie,0
1.0,0.0,0.0,0.0,0.0,0.0,0.0,0.0,DECLARATIVE,4,charlie,0
0.0,1.0,0.0,0.0,0.0,0.0,0.0,0.0,IMPERATIVE,4,charlie,0
0.6708450361843787,0.3054008366530021,0.48830380114785177,0.5360488010039117,0.4972073607561089,0.5059795091539429,0.5205864790794513,0.5076430095383498,know,4,charlie,0
0.4139040026787572,0.5534418536167451,0.5843656895677709,0.5584041171942199,0.5549701445219622,0.5635090178479176,0.5681101144233909,0.5931073814048882,like,4,charlie,0
0.5295344271288469,0.46257378170555496,0.580832210360912,0.5656704978359398,0.5695357960505465,0.5668875785300038,0.5796428998353351,0.5838925731850525,need,4,charlie,0
0.5651266215051044,0.4550048438804354,0.4524260323965366,0.46134586968768826,0.4582171851419705,0.45779336043273716,0.44776825910238593,0.4593568962452685,remember,4,charlie,0
0.6145890179085364,0.40332454781143545,0.46728247956443125,0.46839564673706596,0.46542096974587355,0.4644017066384392,0.46873578389456744,0.4630580466266517,say,4,charlie,0
0.601400963547724,0.3689518265848896,0.4164262862575266,0.4543375364647337,0.43611246133899856,0.43806939961830527,0.4345472012034993,0.41979467925995484,see,4,charlie,0
0.5196657206621313,0.4327380987318558,0.6568913598780127,0.6618426866080009,0.6620215670635837,0.655191329548362,0.6664789081385625,0.6605085844514172,tell,4,charlie,0
0.6735540623555004,0.30995047158123396,0.48798670832558444,0.49364072298496225,0.5100877772524558,0.49653443412684545,0.4978869785008982,0.5080192509262715,think,4,charlie,0
0.4241282963485089,0.541067170270194,0.42436594934053584,0.4188586286012614,0.4151886590349602,0.4219065103120234,0.41419110738906145,0.4194579541157854,try,4,charlie,0
0.27042288574039314,0.7355614662419803,0.6721986548397738,0.597343805998727,0.6023434583963818,0.6159221876798568,0.617554691080225,0.6682152031075228,want,4,charlie,0
1.0,0.0,0.0,0.0,0.0,0.0,0.0,0.0,DECLARATIVE,5,charlie,0
0.0,1.0,0.0,0.0,0.0,0.0,0.0,0.0,IMPERATIVE,5,charlie,0
0.780304462767931,0.22878036849017802,0.3960165253859759,0.6426224412036434,0.4136830632322793,0.4256495111605523,0.44778931424207363,0.41893121211300977,know,5,charlie,0
0.3770969993919998,0.5814196413836569,0.5849031328769533,0.5149473028280744,0.5158768804445262,0.5257062105409223,0.5336354540578542,0.6052711554382849,like,5,charlie,0
0.5065929873519891,0.48065183023564917,0.6306144979054384,0.554477368137622,0.565810462030061,0.5621657271608989,0.5819355936800316,0.6420825885852108,need,5,charlie,0
0.5802872579544853,0.4434331338509689,0.41314876459701694,0.42152031641969234,0.4204194888888578,0.4206425556837727,0.4079167281886125,0.4203618650729642,remember,5,charlie,0
0.6702859062445716,0.3506610307531945,0.38679157198602876,0.38741085442617357,0.3893868710707544,0.38803086734271175,0.3925939943062829,0.38090128786799843,say,5,charlie,0
0.6440139930559576,0.340432979084715,0.341532845231404,0.4360217545088905,0.37329448015730854,0.37569532714293796,0.37378562190174264,0.3441055786367371,see,5,charlie,0
0.5160742498448481,0.40505034889800573,0.6281921700721289,0.6646932548885496,0.6412732243038499,0.6323985975407476,0.6475843635135758,0.6321236371842076,tell,5,charlie,0
0.7338685376675376,0.29186747645503136,0.44630998587313103,0.45173517040811845,0.4807012842337156,0.4644368790299266,0.4649517458531611,0.4684488321063252,think,5,charlie,0
0.39890053989501006,0.5630151810020002,0.3788434038718069,0.3720049103605881,0.3718448271098302,0.3801109486196179,0.3707705813962308,0.37222950726022574,try,5,charlie,0
0.21748098079860584,0.7781222624412284,0.6850742732115337,0.5242435568321585,0.5415801528329713,0.55615978091647,0.5605481415152606,0.6998964769164117,want,5,charlie,0
1.0,0.0,0.0,0.0,0.0,0.0,0.0,0.0,DECLARATIVE,6,charlie,0
0.0,1.0,0.0,0.0,0.0,0.0,0.0,0.0,IMPERATIVE,6,charlie,0
0.7615080460382366,0.20231820964243083,0.2783605225537492,0.6135758172115312,0.28927603312830236,0.2990429138211403,0.3170606503216066,0.30818179122291506,know,6,charlie,0
0.3238364438298803,0.6132791616658135,0.5508994190936148,0.4386364964696519,0.4487480202201948,0.4594274598657804,0.4689984361840174,0.6157207953647631,like,6,charlie,0
0.45904136669303125,0.45291633484026766,0.5735333403748872,0.4808730932112314,0.5041376990060472,0.4999776842293169,0.5225552578466472,0.5987780651125444,need,6,charlie,0
0.5047386336071128,0.4044077859550221,0.304981751847858,0.37849550456126085,0.31397547937525644,0.3151173017011745,0.3018971089820887,0.30499874627656737,remember,6,charlie,0
0.7019081585125051,0.389160423715423,0.3148943518801467,0.3068344396351052,0.32310071574638344,0.32240006114431113,0.3268792023630406,0.29830111030135176,say,6,charlie,0
0.677739696678255,0.31132829193411843,0.2267292574427848,0.40701439077205226,0.25346503491484323,0.2546261606180779,0.25060438955430603,0.2200155098303119,see,6,charlie,0
0.6700440246155195,0.347970915281494,0.6097034295255006,0.7188965853388474,0.6173354339842955,0.6053605474434363,0.6252134370637125,0.6175783187844174,tell,6,charlie,0
0.720639174838437,0.23475215848032935,0.3282216945514616,0.3229341578543811,0.370205202851016,0.35450982808136683,0.3542707437813617,0.33970429776606753,think,6,charlie,0
0.3643140532546304,0.5899315102180163,0.30198981729526575,0.28237247738244503,0.2898341895380704,0.29700546050407645,0.2885726142606605,0.3092958263452479,try,6,charlie,0
0.16426886224811726,0.8106600338419233,0.6477300007575104,0.42697936042555307,0.4642016615817032,0.48081068148506323,0.48357354520239865,0.7325119834903882,want,6,charlie,0
1.0,0.0,0.0,0.0,0.0,0.0,0.0,0.0,DECLARATIVE,7,charlie,0
0.0,1.0,0.0,0.0,0.0,0.0,0.0,0.0,IMPERATIVE,7,charlie,0
0.7939085439325945,0.171745257935313,0.18566610701357097,0.5872196300401357,0.1941075632812915,0.2014840572660539,0.2153771776294528,0.19273780142406674,know,7,charlie,0
0.27691143411486274,0.650723864775136,0.49846430951842813,0.36632659859682765,0.3887614953920067,0.4002713201631427,0.4110030696617927,0.62292148365167,like,7,charlie,0
0.45103044328558256,0.4801449092137861,0.558148879208443,0.4330820454181752,0.4738235924284381,0.4690649044940893,0.4954403278470308,0.6566307775514766,need,7,charlie,0
0.6437522115933546,0.38113423377997924,0.24155164259331854,0.37618586316243646,0.24996097511458512,0.25097120906785014,0.23812034773026877,0.2367559893026544,remember,7,charlie,0
0.6665671657551279,0.33716834127996237,0.21735556213800775,0.20025614108082732,0.2220771414604083,0.2219019006563981,0.22576818633787046,0.19385118024517634,say,7,charlie,0
0.7045326011678554,0.2841991040905492,0.16300753155116263,0.35372760523765423,0.18410776325358327,0.18489878776704807,0.18100041678263207,0.14805820623638571,see,7,charlie,0
0.6239319277838001,0.29895421330023353,0.598016748552091,0.721944283104861,0.6059792429917159,0.5913499520041953,0.6155078587329547,0.6119611785233375,tell,7,charlie,0
0.8007769199942915,0.2042344468431017,0.2728080728026003,0.2501594567487096,0.31590550840818254,0.2997568777309735,0.2994589810173953,0.2663953685381785,think,7,charlie,0
0.3210520464261201,0.6091542328145855,0.22929997458735668,0.20797489924789211,0.22037988777520265,0.22624659540173864,0.21905474605584196,0.22495995531169857,try,7,charlie,0
0.13821504606028207,0.8442227300864079,0.5879922374389249,0.32398600663005356,0.3864202290870893,0.4047306580354877,0.4064550606033404,0.8011714193532087,want,7,charlie,0
1.0,0.0,0.0,0.0,0.0,0.0,0.0,0.0,DECLARATIVE,8,charlie,0
0.0,1.0,0.0,0.0,0.0,0.0,0.0,0.0,IMPERATIVE,8,charlie,0
0.8007128887086478,0.15088200747130068,0.13132564769723057,0.5606902875991635,0.1375590052057307,0.14325393578847012,0.15423507931193609,0.12919578732107695,know,8,charlie,0
0.22582879512781842,0.7025576971407183,0.44922818387111274,0.29318574482389465,0.33269786042823934,0.34474084662077054,0.3562817439213276,0.6612322350341306,like,8,charlie,0
0.5449448030669317,0.48902978357100635,0.4851364384805469,0.33840820425830515,0.39440740877091607,0.3892153226916138,0.41864399545820913,0.6798899626340731,need,8,charlie,0
0.550265342991628,0.3471178152951285,0.18980779283727517,0.32280404555420694,0.19700786672821374,0.19793284537763642,0.18625906991839614,0.1792217897861849,remember,8,charlie,0
0.7018097722130142,0.272160031215331,0.15587994299315996,0.13887084183870305,0.1586006472548673,0.15853766991558227,0.16170956548888255,0.13396946759104958,say,8,charlie,0
0.7557334563418455,0.23957857753623607,0.11014737691197192,0.42666931175079653,0.12429426828169497,0.12478284670981074,0.12170661289286025,0.09440425691505906,see,8,charlie,0
0.7529910016946842,0.21373441785320224,0.5648375501744617,0.7948432003744085,0.575683565011222,0.5572106487912311,0.5876037658082064,0.5518699093538079,tell,8,charlie,0
0.829449922033092,0.15803418134731462,0.21663264042580124,0.1782485295709217,0.25608036215254615,0.24068331532129134,0.2403747010586273,0.19115993995716887,think,8,charlie,0
0.2743027687037596,0.6501170686917616,0.1514558982292448,0.1321777048716815,0.1457542673345331,0.14961799115040533,0.14466287839404035,0.1400626988981847,try,8,charlie,0
0.108042527172038,0.8705315786945043,0.5071512119339042,0.22759589316601928,0.29616952716550443,0.3144684423391711,0.31538518642400915,0.7778277743441033,want,8,charlie,0
1.0,0.0,0.0,0.0,0.0,0.0,0.0,0.0,DECLARATIVE,9,charlie,0
0.0,1.0,0.0,0.0,0.0,0.0,0.0,0.0,IMPERATIVE,9,charlie,0
0.8632551236821944,0.12031549989856623,0.08102663454212773,0.5417812320239267,0.08462308639024783,0.08812197831495168,0.0950717267421538,0.0742798292009004,know,9,charlie,0
0.1778774031266911,0.7400074772736618,0.33831466354938405,0.20152004444745175,0.23630431531237497,0.24651173876216328,0.25674277874595036,0.586999018188938,like,9,charlie,0
0.5183740889743932,0.4680776674218939,0.4593503059638179,0.29377629040843817,0.3571695420343524,0.35144412481781345,0.38422489709592705,0.6593488089544773,need,9,charlie,0
0.5233286295142059,0.34369201170779773,0.14713127636015555,0.24750727309108422,0.15312303838316224,0.1539139678918172,0.14386274690285744,0.13375915345468564,remember,9,charlie,0
0.7252367909386591,0.243511097334741,0.11378681481799956,0.09521959915994432,0.11559219436956102,0.11554754743813284,0.11805452161718816,0.08987304769630632,say,9,charlie,0
0.7533953437107099,0.20529446817264557,0.0748324634934147,0.27442882518364525,0.08429656781858957,0.0845985092178335,0.08240918225195523,0.06077041193472953,see,9,charlie,0
0.7639430616959088,0.17716020303691415,0.5367992293481465,0.808514381341137,0.5502449277690257,0.5275014290013849,0.5649074608988779,0.508903915339278,tell,9,charlie,0
0.8538938859055889,0.12426360971014978,0.17109037099197028,0.12150778079376229,0.20581892855491357,0.19184972844018436,0.19159504399963379,0.12603264955725169,think,9,charlie,0
0.2349742255259093,0.7037519690652277,0.10993682796972365,0.09213129232787277,0.10560717891195538,0.10850354140366522,0.10475030311091577,0.1181342132070787,try,9,charlie,0
0.1039599110092369,0.8993240067583704,0.44388911019195987,0.16327960380094816,0.22700098390913187,0.24402833018633577,0.24460737858452686,0.811550023469352,want,9,charlie,0
1.0,0.0,0.0,0.0,0.0,0.0,0.0,0.0,DECLARATIVE,0,david,0
0.0,1.0,0.0,0.0,0.0,0.0,0.0,0.0,IMPERATIVE,0,david,0
0.4972413409022362,0.49462716952067887,0.5009406759051632,0.4996631489801434,0.4990636909162924,0.499926631153892,0.49677519189177777,0.49960032834017293,know,0,david,0
0.49779211332123213,0.5046372712803198,0.4991675142010559,0.4995895871254117,0.5031120526706088,0.49628348433299424,0.49560804443776335,0.4982290226873456,like,0,david,0
0.49622057076393294,0.49587603055558266,0.4993245660970409,0.5021396439021502,0.5008465937924089,0.5041392511621965,0.5060907740873405,0.5028753153338423,need,0,david,0
0.504029522545554,0.5001173760667086,0.5016491789201509,0.4957731432327034,0.5001387331943489,0.49895406473092446,0.49617432416553403,0.5012621551714581,remember,0,david,0
0.4988459830832491,0.5039741008293869,0.5028197249324738,0.5019422758289536,0.5040814715483556,0.5029029936304097,0.5023255385233367,0.4997971926888079,say,0,david,0
0.499483205720475,0.49904348577903007,0.5004844937332302,0.4989046653190846,0.4973515820167939,0.4960596301236725,0.502370412579348,0.4967525598736463,see,0,david,0
0.5032138391846896,0.4997824876035718,0.5021115019004404,0.5031500123717911,0.5024812882623902,0.4987457084727258,0.4958764339534741,0.49616401364203605,tell,0,david,0
0.5004133268370492,0.5009600983668722,0.5011395174553639,0.5011624610971765,0.4989340224472595,0.500155857390847,0.5009020741030967,0.49609960733675235,think,0,david,0
0.49856886524872374,0.4968233700195476,0.5010922952038519,0.5029748717343373,0.5011556276846417,0.4983226192270782,0.4955591146118787,0.5006122042545808,try,0,david,0
0.49353518882046393,0.5005210937455865,0.49991526990606294,0.497104706105652,0.5012714140606631,0.4987464811746898,0.5014182068176783,0.49802523176714514,want,0,david,0
1.0,0.0,0.0,0.0,0.0,0.0,0.0,0.0,DECLARATIVE,1,david,0
0.0,1.0,0.0,0.0,0.0,0.0,0.0,0.0,IMPERATIVE,1,david,0
0.5762493500611561,0.4491337377986543,0.5898284685835528,0.5890506160439123,0.5885116650311256,0.5891796006136388,0.5857255439470087,0.5882460713226296,know,1,david,0
0.4669118639925737,0.5219426453150088,0.6066979866730415,0.6065620171692032,0.6105731414521649,0.6015629119221932,0.6003666691794606,0.6043235988647094,like,1,david,0
0.5041854681783452,0.5096732459830753,0.5183117816288113,0.5217382589455561,0.520076876597396,0.5245658335578202,0.5269778683602632,0.5227928713255588,need,1,david,0
0.5051433699756657,0.5001498244159227,0.5021050835491995,0.4946047594045345,0.5001770856721665,0.4986649200968547,0.49511681454865364,0.5016110719235425,remember,1,david,0
0.4771686861377176,0.5078450126239218,0.49860894409158124,0.49754688020427024,0.5000364532444327,0.4984531354728177,0.49763371587512867,0.49468140260095467,say,1,david,0
0.4855143245905367,0.5011768962473443,0.485692489653625,0.48374195275091936,0.48162792041238855,0.4799178422887868,0.4879356558970579,0.4809513172772678,see,1,david,0
0.5608360761893654,0.5046890307941326,0.6322155895620513,0.6334573209449288,0.6328255623891815,0.6282259669504743,0.6246878411795492,0.6243424712689518,tell,1,david,0
0.7422590535903654,0.31296207471346393,0.5760252195518675,0.57589891952097,0.5733279196900477,0.5754822622949559,0.5759313690572577,0.5701299626132225,think,1,david,0
0.4971919226320366,0.5041170249585321,0.5131525378421159,0.515500560642834,0.5131032962009856,0.509605021151422,0.5060121063492363,0.5124853049672227,try,1,david,0
0.42034599658211774,0.5959392222986634,0.6622823045351164,0.6557648267291075,0.6606371623151,0.6625789868871456,0.6647825731302257,0.6593275736013069,want,1,david,0
1.0,0.0,0.0,0.0,0.0,0.0,0.0,0.0,DECLARATIVE,2,david,0
0.0,1.0,0.0,0.0,0.0,0.0,0.0,0.0,IMPERATIVE,2,david,0
0.5509514843188082,0.4025479426859577,0.5273506092815177,0.5278586694056002,0.5263500155573745,0.5255146576427613,0.521350757678177,0.5252115656858899,know,2,david,0
0.42721846285863,0.5504237789241919,0.6214352017459107,0.6207326096399058,0.6250069275212571,0.6142011603593741,0.6128546997693997,0.6181813336630766,like,2,david,0
0.48772070579498755,0.5072025165911445,0.5170766196131094,0.5212543445413917,0.519170652149865,0.5251698501713479,0.5282540864444855,0.5227725029417433,need,2,david,0
0.5028504710123153,0.4987873269487673,0.5059458587436471,0.4963782071517885,0.5034673562972543,0.5015219747487603,0.49699102609154283,0.505310686814677,remember,2,david,0
0.45203843525632253,0.5197671710571817,0.4615631783633372,0.4605692093717827,0.4633093301962711,0.46061872555101707,0.45967288877905427,0.4565232977392289,say,2,david,0
0.4648815195911696,0.5091538147592358,0.42501438141121634,0.4230370228584352,0.41995208777437193,0.4172910522401948,0.42730551420142154,0.4192179927144746,see,2,david,0
0.5072081921436322,0.462410357853437,0.643456294103124,0.6460118907856183,0.6445916739702159,0.6377344532243048,0.6335681203318402,0.6339150827865722,tell,2,david,0
0.7695672286323856,0.22482884351213514,0.4979747604144891,0.4985106890940417,0.49440954891164024,0.49635263816500524,0.49695002037942554,0.4900556788208182,think,2,david,0
0.479624547304175,0.5057771017528694,0.494790239520848,0.49747061668642684,0.49452331815444917,0.4905200144919234,0.4859605701128146,0.4939177728998591,try,2,david,0
0.3023897505070658,0.7147082421944881,0.6494138648485049,0.6369542914095908,0.6451623666592115,0.653452950594829,0.6563084725726606,0.6452930487305172,want,2,david,0
1.0,0.0,0.0,0.0,0.0,0.0,0.0,0.0,DECLARATIVE,3,david,0
0.0,1.0,0.0,0.0,0.0,0.0,0.0,0.0,IMPERATIVE,3,david,0
0.6586717874831437,0.3639395347444131,0.4338737962651211,0.43848441307336977,0.4353968410750343,0.4287973836738693,0.42426982138509584,0.43096751637324227,know,3,david,0
0.37302151571169645,0.5918027280805946,0.6016966548554921,0.6042633830419314,0.6113294750146487,0.5924765711938761,0.5911772551783432,0.5986321498350016,like,3,david,0
0.4701430052503394,0.5183711923686588,0.5227883973266594,0.5258312481264679,0.5242889752824488,0.5363131600358768,0.5401324089470586,0.5298635022432273,need,3,david,0
0.5036384241135844,0.4984520900298433,0.5075892146812926,0.4953770626577895,0.5044258173676467,0.5019427091410567,0.4961592584870882,0.5067785507694857,remember,3,david,0
0.4187296378372067,0.5528318795804996,0.3862383168210378,0.38772797907034323,0.39046705442512464,0.3830981932207228,0.38218506265008695,0.38062486107739946,say,3,david,0
0.4784792377272478,0.5181829010339775,0.333821125935658,0.33325972957531086,0.3294384910388142,0.3240100811700838,0.3355143580889995,0.32741940060463387,see,3,david,0
0.4940366068030795,0.44880655393241775,0.6540731766021062,0.6608559214028144,0.65859165581498,0.6446985690501487,0.6397667254818551,0.6429496033945549,tell,3,david,0
0.7628672280889229,0.22552822433228153,0.4458344125020861,0.4485257463508747,0.4422199373628185,0.4412654724122424,0.44215771033676954,0.43588284545056705,think,3,david,0
0.4506044384151316,0.5093572657288254,0.4603152191155186,0.4639807623059997,0.4603052526586616,0.45482095383864646,0.44910564504093214,0.4592946383955505,try,3,david,0
0.17252947095812923,0.818304143640617,0.662287502320611,0.6316936394775335,0.6523608202502841,0.6915281389808308,0.6943015657975464,0.6566240784106879,want,3,david,0
1.0,0.0,0.0,0.0,0.0,0.0,0.0,0.0,DECLARATIVE,4,david,0
0.0,1.0,0.0,0.0,0.0,0.0,0.0,0.0,IMPERATIVE,4,david,0
0.7016496124559045,0.3683075024285173,0.3091375729057318,0.3211912447086393,0.3174820955354731,0.2946829186969195,0.2912825673279132,0.30669792428286174,know,4,david,0
0.3230701648760602,0.661930493613063,0.6011666455302748,0.6102041580853388,0.6233102531625028,0.6027363776208218,0.6015633768386689,0.5997917423250776,like,4,david,0
0.4380933238740467,0.5365038056641966,0.4966821599006159,0.49798391450716195,0.49716386080625874,0.5243107741997196,0.5287012171901406,0.5054010690716624,need,4,david,0
0.504644160489995,0.4980241809754606,0.5096865011340503,0.4940992407411707,0.5056491664576065,0.5024797467148192,0.49509760135661024,0.5086519363924188,remember,4,david,0
0.37080032748460606,0.5792327542674883,0.31696970091643145,0.32355399644531707,0.3269530988690874,0.30841914732186276,0.30809435475959474,0.3120329702185334,say,4,david,0
0.44993319161859946,0.5060363797984303,0.25315464125840204,0.2542447414758096,0.25046837334139216,0.24070530270231608,0.2522595320255421,0.2472170953794855,see,4,david,0
0.5840400280682092,0.4261591662376341,0.668548293033688,0.6814767191469872,0.6787669634026806,0.6525899163496497,0.6471105792107777,0.6556438522751589,tell,4,david,0
0.8587596881855195,0.18769070195446466,0.3078726795552742,0.3100638327949952,0.3030931504807382,0.299343938461654,0.3004293129308863,0.29687617211904743,think,4,david,0
0.40210483969098765,0.5259759593052662,0.40772078786329014,0.4094001518724679,0.40655886838013205,0.40664609918460165,0.39969067641271916,0.4063379495236774,try,4,david,0
0.09955393167287195,0.903936327601296,0.610546028221937,0.5566783426780952,0.5911573243317115,0.7258170279985074,0.7250922169045928,0.6009945770064599,want,4,david,0
1.0,0.0,0.0,0.0,0.0,0.0,0.0,0.0,DECLARATIVE,5,david,0
0.0,1.0,0.0,0.0,0.0,0.0,0.0,0.0,IMPERATIVE,5,david,0
0.6186393944016666,0.32647223248611945,0.20635678230909474,0.21867540839563065,0.21497872463131243,0.18250090294324633,0.18277345779403328,0.2034975082070727,know,5,david,0
0.2590449553875683,0.7090815536065668,0.5983204310275568,0.6113594580750531,0.6274576265693478,0.5843787814502779,0.5843952891341847,0.5968481829763179,like,5,david,0
0.3970530045078075,0.5904409850818869,0.4389413402595259,0.43954444688102945,0.43882300974982913,0.5133128522779224,0.5110649193920395,0.44965677231505347,need,5,david,0
0.4832681219958184,0.4897721792102731,0.5083796550181785,0.4886569480873073,0.5033615365190912,0.4968182826154019,0.4879831439529075,0.5070982242621249,remember,5,david,0
0.31185492572911344,0.6326051309138718,0.25274859002629885,0.26092319420818433,0.2643037511866037,0.2280066745930263,0.23099616837554998,0.24808291337594499,say,5,david,0
0.3810327132647391,0.5598161648010197,0.16766240113687098,0.16888615365132972,0.16589205777151977,0.151412172705179,0.16163533734019628,0.1630873139307879,see,5,david,0
0.5154610857196119,0.399466966568728,0.6846306989109056,0.7022360310965288,0.6986930144518911,0.6472911411877674,0.6441682673365874,0.6685932610046688,tell,5,david,0
0.8579938755252232,0.1397108941440129,0.22243127119093278,0.22489266456795023,0.21836226733009156,0.20571051277858235,0.2085751933590063,0.2122398042474075,think,5,david,0
0.3481987494263781,0.5926383203707495,0.3157876789908939,0.3165713757509636,0.31396752726017757,0.3570588801221968,0.3391729068257494,0.3141763761623713,try,5,david,0
0.052359996706465795,0.9467428772761834,0.49745710073013744,0.43052200509578514,0.47394819198685956,0.7673860671600894,0.7308862455145225,0.4838094731551511,want,5,david,0
1.0,0.0,0.0,0.0,0.0,0.0,0.0,0.0,DECLARATIVE,6,david,0
0.0,1.0,0.0,0.0,0.0,0.0,0.0,0.0,IMPERATIVE,6,david,0
0.7284011428431737,0.26839060421569916,0.1552017709840633,0.18608979371310008,0.177672729774609,0.10918621922054927,0.12549107497420528,0.1499986607000761,know,6,david,0
0.172015168590243,0.7881011533426077,0.5638469666192204,0.5795011697543214,0.6008516643477977,0.5850774010944834,0.5647492168538522,0.5612392369956757,like,6,david,0
0.35214155929817986,0.6054898088514648,0.41917351130853464,0.41999061555342543,0.41906551766656563,0.5067945961468985,0.5092026337065683,0.43264216433014546,need,6,david,0
0.4786546735643709,0.4869467613298622,0.5106951418851808,0.4855236650601784,0.5042907246284742,0.4959388354229152,0.48466415463700235,0.5090598503426792,remember,6,david,0
0.2539065373476028,0.6949300854565774,0.19297670766060154,0.2005436050336405,0.20379726045683502,0.15255220979828293,0.16767416519696654,0.18854147599497148,say,6,david,0
0.42221970736462633,0.5827492148863709,0.10757218636618582,0.10889438084840108,0.10668647336127754,0.08962403397937903,0.10151321529481552,0.10419284276170099,see,6,david,0
0.6633133701368766,0.4246401154757399,0.7045041692875667,0.7305587089561528,0.725203644625355,0.619203170770082,0.6433126778740385,0.6835648086910108,tell,6,david,0
0.9047322219715151,0.11104220170097114,0.11781111469745377,0.11905788030837826,0.11534275287485543,0.10044519968546489,0.10829444897906863,0.11174938193687312,think,6,david,0
0.2695023154246665,0.6721795414571985,0.21558039395412354,0.21647118016305703,0.21405979784560672,0.3236751075924312,0.25273807403314213,0.2141838784632989,try,6,david,0
0.027575552800843766,0.9705975064267883,0.346957693029377,0.27804706099342286,0.3221329004017641,0.8200987287313798,0.6497977947572947,0.33103380417654993,want,6,david,0
1.0,0.0,0.0,0.0,0.0,0.0,0.0,0.0,DECLARATIVE,7,david,0
0.0,1.0,0.0,0.0,0.0,0.0,0.0,0.0,IMPERATIVE,7,david,0
0.7769960272168144,0.2370615573297146,0.08004929439830975,0.10997447954071893,0.09914329084043327,0.052253848166719956,0.06533084366308209,0.07676587895053073,know,7,david,0
0.12148697740812066,0.8543475335770482,0.47184518251273005,0.4919994645911276,0.5214545322994866,0.4804983574131165,0.46473883212262496,0.4678502256300559,like,7,david,0
0.2830441987817863,0.701048599559281,0.31160454018208483,0.3130836611788161,0.3118587640542451,0.516147832677497,0.4095979833165768,0.32566629154243504,need,7,david,0
0.44574228020695045,0.4757288342404422,0.5063329545222749,0.4743465062908016,0.4981848774431328,0.4787752605032376,0.4730956728850762,0.504252432131341,remember,7,david,0
0.18341996980067687,0.7592794675704941,0.1719378710000304,0.1813468248158747,0.18524134248905158,0.10581740306417398,0.14113539347813106,0.16682169742449132,say,7,david,0
0.3611967119111369,0.550038595040967,0.06287328878175298,0.06640158452557128,0.06425163731222001,0.04766498344347443,0.058866888167492255,0.06058773064590012,see,7,david,0
0.5914600985893764,0.33775684812175766,0.7232515940921758,0.7599718156334183,0.7518705388062351,0.5784645899530236,0.6456893955248973,0.6964903709276127,tell,7,david,0
0.9027973353859053,0.07537461965074366,0.0600523439767699,0.06062406079991775,0.05878490784368269,0.04717286705462356,0.05580531837453279,0.0569838328149347,think,7,david,0
0.1897534152089325,0.7203530837004352,0.14069402726658098,0.14148658384285784,0.13960478333878923,0.2466720463232222,0.16629236151795002,0.13965545666176332,try,7,david,0
0.015550151163147936,0.9812669351375904,0.2334617958514647,0.17549309707050492,0.21169557308374407,0.8602758707331389,0.5789759361454991,0.2190692293063437,want,7,david,0
1.0,0.0,0.0,0.0,0.0,0.0,0.0,0.0,DECLARATIVE,8,david,0
0.0,1.0,0.0,0.0,0.0,0.0,0.0,0.0,IMPERATIVE,8,david,0
0.812114044950235,0.1895644817518999,0.04870842164478101,0.09275245405199779,0.0681853943261658,0.02950919807880782,0.03955522795066477,0.046436733169515944,know,8,david,0
0.07732813169006515,0.9021612630735276,0.4463584722657494,0.47167288125507817,0.5091334400376736,0.47578240442852754,0.43699830696521175,0.4413256501054547,like,8,david,0
0.1993877229496384,0.738287396397488,0.2296268205282679,0.23118274000727454,0.22996536124636882,0.42167260689815006,0.32636580890832584,0.24290050322328885,need,8,david,0
0.4310342024840158,0.4690436105657756,0.5080830098954913,0.4672827801254483,0.4976831757904014,0.4729266349983535,0.465690650367966,0.5054277050945271,remember,8,david,0
0.12960698836043244,0.8334379698105224,0.12001572896142533,0.12738956764398485,0.13049742208106588,0.06229926105638767,0.09637144850003668,0.11600304731234932,say,8,david,0
0.30173702961263027,0.6077918626767309,0.039374876403808295,0.04158383598769249,0.04021090499480681,0.027849272226630698,0.0368347416680812,0.03790135774978386,see,8,david,0
0.6369305915536531,0.28710002746108754,0.7403238652925599,0.7891180313227334,0.7764415782751093,0.5157302522310133,0.6428975736418567,0.7065937082344543,tell,8,david,0
0.9332223514442854,0.062261193597733286,0.046566710183956354,0.04710083297710089,0.045421095641087116,0.03077613340696459,0.04247153970779318,0.04379660381292318,think,8,david,0
0.12910814434514106,0.7744207306012305,0.08906546603235377,0.08962881655864109,0.088336059780107,0.16296486583407152,0.10574041319281868,0.08836261573937998,try,8,david,0
0.009019515952881368,0.9889503332406429,0.1296464485642969,0.09458645890493109,0.11605653357666182,0.8873621649620306,0.4612609993606939,0.1205089313771318,want,8,david,0
1.0,0.0,0.0,0.0,0.0,0.0,0.0,0.0,DECLARATIVE,9,david,0
0.0,1.0,0.0,0.0,0.0,0.0,0.0,0.0,IMPERATIVE,9,david,0
0.8208519243195316,0.1871128941916857,0.02726209918726025,0.04851448527711641,0.036453149109643056,0.015612907618833377,0.022522605676672997,0.02610264728345726,know,9,david,0
0.04464339945458563,0.9387979576768336,0.3418421735724932,0.37034185329421393,0.41541260416434966,0.37604296361820866,0.33062616851294446,0.3361865388609212,like,9,david,0
0.15473270364830055,0.796952778973859,0.1766647704009444,0.1781431951133738,0.17698975453294785,0.4280238549535309,0.2747409996015745,0.1892898935143281,need,9,david,0
0.4125363471245267,0.4605353169968828,0.5103163499783554,0.4582956420019822,0.49704281102288095,0.46547862751218644,0.4562723908255551,0.5069276969012936,remember,9,david,0
0.08228349025656449,0.8869928219572492,0.08357064715608173,0.0893435861438089,0.09179676263822228,0.0376302499249192,0.06555152634307353,0.0804615701970283,say,9,david,0
0.3170084309975013,0.6315112364759604,0.024522879514875414,0.026011485324097125,0.025041867152180656,0.016449236906149974,0.022930833228319937,0.023589163988077904,see,9,david,0
0.638653113144216,0.2678472496027643,0.7471634994633062,0.8059477452598192,0.7916009026824243,0.410407779882579,0.616413514433286,0.7021649063697352,tell,9,david,0
0.9525613845240167,0.04311200326927921,0.03309226497104194,0.033523773416162576,0.03217904315091912,0.01918258511850259,0.029791138234855193,0.030890311490155888,think,9,david,0
0.08976752050900476,0.8489748290329626,0.05257329263965959,0.05291281088547457,0.05214538544108423,0.1495340264247954,0.0621074657948133,0.05215929626933182,try,9,david,0
0.0053520287236201195,0.993355239542166,0.07718019023928342,0.05548732977027931,0.0686358324377117,0.9279771748260157,0.3707686726214266,0.07140887138854286,want,9,david,0
1.0,0.0,0.0,0.0,0.0,0.0,0.0,0.0,DECLARATIVE,0,eddie,0
0.0,1.0,0.0,0.0,0.0,0.0,0.0,0.0,IMPERATIVE,0,eddie,0
0.4955152867391524,0.5010299364155133,0.500483115018598,0.4967600303673548,0.5027149127770166,0.5006250352319701,0.4971993531788297,0.49856314319635076,know,0,eddie,0
0.5000883359116407,0.49785146791201723,0.5001125774984367,0.49824053844324634,0.49870664156878497,0.4989194713517283,0.501755218687446,0.4961627679925737,like,0,eddie,0
0.49988275519453784,0.49477966344549024,0.5010279434182225,0.501753332148149,0.5000861078205705,0.49948575918906585,0.4997181760293113,0.5064859493964399,need,0,eddie,0
0.4991157066659291,0.5019092809841994,0.4978112786591918,0.49835713482834065,0.5010319309328934,0.4989092361678525,0.5013181048400704,0.49698534399304295,remember,0,eddie,0
0.5027971601492347,0.49757775648551184,0.5025040856234108,0.49793663108388225,0.49823655893044433,0.5026257228298014,0.4983690325300065,0.5020049672528191,say,0,eddie,0
0.5024115681480538,0.498846553525781,0.5029848635460581,0.5026606426907393,0.5020678649573758,0.49898208241169767,0.50556276513366,0.4993285643305813,see,0,eddie,0
0.49930843629197846,0.49713171062840245,0.49945931811411504,0.50026791663567,0.5002405187051929,0.49870922337738915,0.49924952166493347,0.4987158553961522,tell,0,eddie,0
0.49902695867258806,0.49998865323754993,0.5027178342128462,0.5002233265693602,0.4988259248892,0.49767114197651063,0.5002617750168181,0.4985037689422996,think,0,eddie,0
0.49933334087438047,0.4995524655006786,0.4973774090954751,0.5031266495238267,0.50014968972326,0.49629749010134594,0.5019815639545608,0.502284723017824,try,0,eddie,0
0.5047424155371175,0.500404067586413,0.4988637992241673,0.499089688866215,0.5007249511663585,0.49817506304872744,0.49800240328641504,0.5008185394940092,want,0,eddie,0
1.0,0.0,0.0,0.0,0.0,0.0,0.0,0.0,DECLARATIVE,1,eddie,0
0.0,1.0,0.0,0.0,0.0,0.0,0.0,0.0,IMPERATIVE,1,eddie,0
0.5751326093582548,0.4684519385213681,0.5963243396657475,0.5929846613833246,0.6007204571171453,0.5969676122428346,0.5932327727029146,0.5952095300889393,know,1,eddie,0
0.4967865633751538,0.5253938927447059,0.6050019413997647,0.6030711958188033,0.6027589726710862,0.604839949854289,0.6076841147783824,0.5987901677357538,like,1,eddie,0
0.49597955675624894,0.49276710546690217,0.5008197513582116,0.5016977026611126,0.49961242896544084,0.49886864307148776,0.49916292571817766,0.5076696646493176,need,1,eddie,0
0.5158085394247157,0.5068299119161958,0.5096025353789501,0.5103010931784786,0.5137637995994468,0.5109663733071793,0.5139656599638475,0.508562647630061,remember,1,eddie,0
0.5618343856133623,0.48782911603184687,0.5793948878924684,0.573733145880525,0.5744297067547779,0.5797212252172977,0.5743697600623968,0.5787702617922397,say,1,eddie,0
0.5234437627263524,0.45586980672376837,0.5640346342195995,0.563657816670662,0.5629958851135709,0.5593875567940316,0.5675902229355149,0.5601000272202159,see,1,eddie,0
0.5208918735735414,0.48839288994759916,0.6385420983787555,0.6401703188106505,0.6395629940957199,0.6384015723435807,0.6387223585537841,0.6380479329996406,tell,1,eddie,0
0.5592797150822663,0.4816768665940974,0.5723975156917351,0.5692646671006589,0.5679584112956318,0.5661189368983894,0.5692754368959495,0.5671931153715773,think,1,eddie,0
0.5025005630104689,0.5093041226521721,0.5103593739448103,0.5175969938146693,0.5137472189202824,0.5092120699995087,0.5162624224585635,0.5161995818526738,try,1,eddie,0
0.49632975615851965,0.510548570000314,0.5662538637861129,0.5667306537126665,0.5684824971158303,0.5661232796393,0.5655668828385808,0.5679865040433577,want,1,eddie,0
1.0,0.0,0.0,0.0,0.0,0.0,0.0,0.0,DECLARATIVE,2,eddie,0
0.0,1.0,0.0,0.0,0.0,0.0,0.0,0.0,IMPERATIVE,2,eddie,0
0.5976222082157392,0.41151067981894945,0.5344256858808908,0.5304540454175334,0.5405100511753873,0.5351028413548188,0.5308964313871438,0.5338422831391211,know,2,eddie,0
0.4465224891038534,0.555644574592641,0.6430660745581052,0.6413706119263086,0.6383507547999361,0.645798580701473,0.6481654068467119,0.6321357827283312,like,2,eddie,0
0.5138140788190417,0.49702161378225407,0.48943475384662877,0.49042351833507136,0.4881835693143019,0.48688564825469816,0.4873178392977212,0.49808468344030016,need,2,eddie,0
0.5697953842653737,0.5169864292255856,0.5322222422362596,0.5330894937465294,0.5379641904090803,0.5339335806183686,0.5377646507263779,0.5309126939552693,remember,2,eddie,0
0.5443719874323938,0.4584966902040058,0.5893864186749458,0.5821187706132691,0.5832400128036301,0.5896508362759761,0.5830384258756008,0.5883454043944275,say,2,eddie,0
0.5273347089934185,0.4293958350813232,0.5183840021368752,0.5181848858237659,0.5174675401056983,0.5121318577572951,0.5231749818801414,0.5143713019713526,see,2,eddie,0
0.5101650952319584,0.48756511621302484,0.6661549838565107,0.667670954783753,0.6669923665480157,0.6656194225876618,0.6659400937913516,0.6656570400156815,tell,2,eddie,0
0.5399329445843029,0.44841093951717825,0.5439561922175237,0.5393363003383095,0.5382803321217391,0.5352228109590869,0.539256946774372,0.5375987071006219,think,2,eddie,0
0.483672085220437,0.504505117997646,0.5085871405751533,0.5175231491291484,0.5125349481752599,0.506974693024891,0.5157677144209797,0.5159602174202012,try,2,eddie,0
0.4537725127356438,0.5597129130814692,0.5839462920680593,0.585368536190729,0.5851321890163476,0.5871835888667567,0.5856844666640828,0.5817915487728886,want,2,eddie,0
1.0,0.0,0.0,0.0,0.0,0.0,0.0,0.0,DECLARATIVE,3,eddie,0
0.0,1.0,0.0,0.0,0.0,0.0,0.0,0.0,IMPERATIVE,3,eddie,0
0.5851533310111361,0.35625632306959604,0.45825914880899177,0.4538485814767517,0.46658597838462795,0.4589488917283116,0.4541860735400558,0.4586972716083448,know,3,eddie,0
0.3626075876765242,0.6286801382765397,0.6434077751209183,0.6434679650868684,0.6354391060911536,0.6546648519197611,0.6562664131181882,0.6223069623496712,like,3,eddie,0
0.574328607706098,0.4832843485161384,0.4745962540191748,0.47606507805101383,0.47370199445947603,0.47165763114088405,0.4722378200736417,0.4857430755102503,need,3,eddie,0
0.5757320805890224,0.4975866199128205,0.5251136663336698,0.5259434065493328,0.5321838509159126,0.5267670236566236,0.5316106887101224,0.5236380547529915,remember,3,eddie,0
0.5095910313931482,0.4573884635945637,0.5446489058522812,0.5342707716143426,0.5352191313104679,0.5438241901175519,0.5352854527776454,0.5428198951575722,say,3,eddie,0
0.5481545760914724,0.34292157786013594,0.43937009849220793,0.4411021962265783,0.4404983631321417,0.4315031813855814,0.4469050444807392,0.4367820786178503,see,3,eddie,0
0.4812751367244782,0.4734267516353768,0.686909861183664,0.6876860591939713,0.6870822446126621,0.6846716193117494,0.6852806066774153,0.6863173332381017,tell,3,eddie,0
0.656403225744222,0.3958260056120675,0.4832389374270621,0.47698906137744673,0.4767334958125002,0.47131420006795793,0.47681633767617027,0.4756977171637363,think,3,eddie,0
0.4538011639795891,0.5101234448576487,0.501882865340031,0.5130777468996062,0.5061208669812923,0.5004660637845029,0.5113466707756601,0.5098055554956596,try,3,eddie,0
0.37607627493420537,0.6647614086678649,0.5781449580233617,0.5825642479758889,0.5767880559133424,0.5930241411630713,0.5895533688383996,0.5651796031630546,want,3,eddie,0
1.0,0.0,0.0,0.0,0.0,0.0,0.0,0.0,DECLARATIVE,4,eddie,0
0.0,1.0,0.0,0.0,0.0,0.0,0.0,0.0,IMPERATIVE,4,eddie,0
0.7085811549984173,0.33420089477244674,0.3821135526244589,0.3830050365221545,0.39705768389647916,0.3834878954574616,0.3822452333285269,0.38802066089449677,know,4,eddie,0
0.2439231234108102,0.7846819679914593,0.6234182503293079,0.6272393111918243,0.6069281917161202,0.6741629887271657,0.6673178335177384,0.5798470948331506,like,4,eddie,0
0.5502807698920326,0.46242780304444236,0.4617724062300138,0.4634687719245767,0.4605177586041705,0.45784418729020965,0.45859436870097475,0.4757241316221356,need,4,eddie,0
0.6592686113278167,0.5062185927203047,0.5218601881785471,0.5229374278986015,0.5308150788530187,0.5238224432695899,0.529935961427311,0.5200944884997465,remember,4,eddie,0
0.5695685656118855,0.44306424175034986,0.516888561029155,0.5041610582289886,0.5051478897150267,0.5169452229086318,0.5060663288030949,0.5137114044741559,say,4,eddie,0
0.6928468578552173,0.33245660007217714,0.3552631691574007,0.36301190094476876,0.3612742838025362,0.3463487519233858,0.36849537940811633,0.35751153879922143,see,4,eddie,0
0.5897938963878149,0.4844811173993659,0.7217803102307967,0.7236107408529738,0.7231718878575548,0.7182958761993408,0.7201178141688998,0.7227242715443654,tell,4,eddie,0
0.7458065677482937,0.33384237362035424,0.39619039365134084,0.3886888892767915,0.38828396319556796,0.38076430805729355,0.3876360661977874,0.3873618242083576,think,4,eddie,0
0.4211957265437183,0.5303685322464426,0.4737446458954672,0.48816163701840204,0.4781255412830176,0.476768896562384,0.489237421195751,0.4816535316116798,try,4,eddie,0
0.23594065030158312,0.7623879023163187,0.5185960386577102,0.5291475185222871,0.5076081397097034,0.5977931370020756,0.5778518434501958,0.48173534748911145,want,4,eddie,0
1.0,0.0,0.0,0.0,0.0,0.0,0.0,0.0,DECLARATIVE,5,eddie,0
0.0,1.0,0.0,0.0,0.0,0.0,0.0,0.0,IMPERATIVE,5,eddie,0
0.6353575047082081,0.3045156858259215,0.2855972106058596,0.2854294523514367,0.3003252853802967,0.2769635421469164,0.28320569008746765,0.29069129041018854,know,5,eddie,0
0.1467876035083776,0.8432596682704989,0.54333199211327,0.5475784121036582,0.5213844374542356,0.7257226214016055,0.624765984694094,0.4877321923929862,like,5,eddie,0
0.5808745729953517,0.4543428636910274,0.4086073357503419,0.4105170033442852,0.4070634097171782,0.3967429204182433,0.4034002473331732,0.4254366750510585,need,5,eddie,0
0.7338734400902598,0.5105434368840223,0.5135823690791523,0.5149299033310144,0.5247964890965345,0.5132898136148935,0.5235394828853538,0.5113799724879516,remember,5,eddie,0
0.47415030638631683,0.389658752899066,0.47118573395544017,0.4549245609767573,0.4567063345361881,0.4576207978558673,0.4540199740247482,0.46794568361278793,say,5,eddie,0
0.6297191330476163,0.3164931257766769,0.24694995176334888,0.2618504450561515,0.2582926640246996,0.22003303170004476,0.26354459167914773,0.25490454231056137,see,5,eddie,0
0.6263996132888822,0.4354629499633137,0.7210697507438091,0.7252965913970634,0.7245277348044615,0.6967049556269788,0.7180033622507316,0.7239579179771138,tell,5,eddie,0
0.6537900646190932,0.25649492652786954,0.297444159762197,0.2896286687071946,0.28911015724777706,0.2693464189871582,0.2868503399310719,0.2882289051905194,think,5,eddie,0
0.40988324628244105,0.6020776021884201,0.4325181766316729,0.4515347687095151,0.4363710211374537,0.4949642967025735,0.4721409020594122,0.4388963659983051,try,5,eddie,0
0.14890695772550927,0.8650968005666871,0.35503417963047,0.3654474851430659,0.34629539508145785,0.6818463276566457,0.4424384046720048,0.32408599699022184,want,5,eddie,0
1.0,0.0,0.0,0.0,0.0,0.0,0.0,0.0,DECLARATIVE,6,eddie,0
0.0,1.0,0.0,0.0,0.0,0.0,0.0,0.0,IMPERATIVE,6,eddie,0
0.7344067360945925,0.2683386102313372,0.18620926301752427,0.2049090106640446,0.21129389310158775,0.16759544895501244,0.20278709566598002,0.20373602990845222,know,6,eddie,0
0.09480441666977883,0.8817008802894911,0.48103245633616587,0.48528928783327946,0.454300216085033,0.7531071835799167,0.5780196681623159,0.41438559283483295,like,6,eddie,0
0.4679046215860597,0.4145864484933101,0.34407522777763255,0.34617246561170345,0.34227609169929357,0.31890800371215233,0.33804595393404313,0.363071326544934,need,6,eddie,0
0.7251378318518243,0.46545203186255196,0.46701620645620073,0.4686666054902894,0.48092506753664127,0.45584973990108707,0.47923317315114927,0.46427050648801443,remember,6,eddie,0
0.5850413693482983,0.4387871218553546,0.4187911601369521,0.399223351943112,0.40140114830462775,0.3855902293670709,0.3979615796813398,0.4149781294507946,say,6,eddie,0
0.7264025637232077,0.3162654858893208,0.1724101393823454,0.21330612890669134,0.198440384223673,0.1340049496328743,0.21372655147060843,0.1966457318002374,see,6,eddie,0
0.5405710884187847,0.3895256015457646,0.7347057327016856,0.7425452842086028,0.7406679350164096,0.6909406239867039,0.7337241916829161,0.7399890142036994,tell,6,eddie,0
0.7679507465038156,0.21575096164769864,0.21002878297154337,0.20320170014121305,0.20263438334897782,0.17798825228038856,0.20091516028831827,0.20180269001108814,think,6,eddie,0
0.31321980731050847,0.6069444783514619,0.3639691080518291,0.3855708824314981,0.36873486520662935,0.450267181322996,0.4067080310624907,0.3720265561214199,try,6,eddie,0
0.09391580187007065,0.9202281286289276,0.22966269319308158,0.23771717048625512,0.2239415292042772,0.7362081173132701,0.2965675415642388,0.20737418880936556,want,6,eddie,0
1.0,0.0,0.0,0.0,0.0,0.0,0.0,0.0,DECLARATIVE,7,eddie,0
0.0,1.0,0.0,0.0,0.0,0.0,0.0,0.0,IMPERATIVE,7,eddie,0
0.7925712062035856,0.242821601862701,0.1098155227903861,0.18216198226450758,0.142452323917977,0.09288967488719725,0.17119247448184868,0.1393886186600602,know,7,eddie,0
0.05978183537118947,0.92665394148371,0.3740026238080981,0.3781503586146528,0.34427597747980176,0.7917462057899388,0.489404893632641,0.3026479895381042,like,7,eddie,0
0.5091166013655996,0.41529162024305316,0.2791222885789162,0.2812813884742256,0.2772282761562364,0.24556951840231406,0.27293246785765746,0.2990390832385144,need,7,eddie,0
0.7630749839211701,0.43899956269089424,0.4266957396499252,0.42869883766781264,0.44368426650444626,0.40789741862317036,0.44164192262025764,0.42334328465548027,remember,7,eddie,0
0.4879041826550001,0.406240087027983,0.34521227692853906,0.32382863643304577,0.32619425491762377,0.2897556120679782,0.3227255484629069,0.3410149476793104,say,7,eddie,0
0.7216400610073459,0.24718457430565982,0.10278239848924905,0.15509153660990393,0.12551395938362087,0.07262652327228185,0.15209175615703552,0.12531594161768234,see,7,eddie,0
0.5165157589222896,0.36860361087709603,0.755391856739034,0.7695046346214206,0.7647715676660846,0.6797418629120761,0.7593286082944183,0.7642040714059041,tell,7,eddie,0
0.7694180722434543,0.1986437118671703,0.14815479677713558,0.1426238654073054,0.14216217966149297,0.11452421639143356,0.14085827296473133,0.14147030142638975,think,7,eddie,0
0.2716900048577364,0.6775356781737231,0.2990139909418712,0.32218110916675047,0.30423216309894685,0.46253152772444595,0.344496993145356,0.30790312186614477,try,7,eddie,0
0.06075637215803603,0.9263510995635301,0.13554197855592207,0.14075313577824938,0.13217235243997083,0.6745001998328044,0.17889814680303998,0.12169672427739801,want,7,eddie,0
1.0,0.0,0.0,0.0,0.0,0.0,0.0,0.0,DECLARATIVE,8,eddie,0
0.0,1.0,0.0,0.0,0.0,0.0,0.0,0.0,IMPERATIVE,8,eddie,0
0.7981783375053932,0.21028178380339493,0.061317948104782014,0.17572005259775103,0.07902289027510907,0.05026991494952317,0.1119707479004957,0.07743075632740154,know,8,eddie,0
0.037214099714955665,0.9558475358188653,0.2669972621289469,0.27066023368039926,0.2394047084268979,0.8324026503767458,0.3898642666611891,0.20347893937687841,like,8,eddie,0
0.4934894264048416,0.39352656608377684,0.2383739921210034,0.2406905429659434,0.23634082251979752,0.20129494482057037,0.2317382400728897,0.26007372273112117,need,8,eddie,0
0.8204857467411931,0.4076045386999497,0.3734690964395359,0.375751688697054,0.393294709736562,0.3423122654915735,0.3909121837478034,0.36958575206503663,remember,8,eddie,0
0.47240167995170224,0.3950400148365185,0.22522937957954214,0.20778354402803212,0.20974619676472717,0.16934392758098502,0.20725303012444807,0.22177453174607922,say,8,eddie,0
0.7771872527799536,0.21150012904821935,0.060659545290442894,0.1445282150111545,0.07417346450786408,0.04045752106638707,0.10542151183225487,0.07423687911696372,see,8,eddie,0
0.7457314029496228,0.4064311847389896,0.7591569796634302,0.8090110141874067,0.7720136911502954,0.6397948285008721,0.7771630136221068,0.7714994551150537,tell,8,eddie,0
0.8097308317136533,0.17347836275348374,0.10152304167857996,0.09735471226831514,0.09704007173174212,0.07278751310693783,0.09609348991180872,0.09651290572057414,think,8,eddie,0
0.20437013536230633,0.7439499180283414,0.21008014521878604,0.230046291013995,0.21466209910633124,0.44454760691838613,0.24907825023881092,0.21794783790300218,try,8,eddie,0
0.057380144840181925,0.9518056003725299,0.08184921012146235,0.08511605162564637,0.07980382675112184,0.6786100089444012,0.10943679748954878,0.07328820854116148,want,8,eddie,0
1.0,0.0,0.0,0.0,0.0,0.0,0.0,0.0,DECLARATIVE,9,eddie,0
0.0,1.0,0.0,0.0,0.0,0.0,0.0,0.0,IMPERATIVE,9,eddie,0
0.7578371914355165,0.15659691250121838,0.036974029222184054,0.15994664411761336,0.046904363998413294,0.02959544829729794,0.0643684005269478,0.04586896551669751,know,9,eddie,0
0.022681778024804176,0.9713522663218153,0.1694021603958156,0.17159436768384745,0.14905001546960736,0.860988748969,0.2752145881974341,0.12408430435673341,like,9,eddie,0
0.4539157727629126,0.36442144915379443,0.1801507106324543,0.18215254919422932,0.1783301286777593,0.14554218595615648,0.17425667337555142,0.19989227014042232,need,9,eddie,0
0.7788388570402259,0.3137506412375931,0.2999987284876718,0.3016770135747661,0.32073874376060296,0.25633218992948426,0.3182397410740648,0.2960014273174872,remember,9,eddie,0
0.4769665863170469,0.41297021480353135,0.158682425613157,0.14385445435538205,0.1460797684505182,0.10574774219087636,0.14412580009654882,0.15584372212016126,say,9,eddie,0
0.8142928904351614,0.18221877696093464,0.041167237210522296,0.18773233367203854,0.0509771295166806,0.024783033305553013,0.07512354720075833,0.05103655662153115,see,9,eddie,0
0.7023905125318708,0.30581961584211426,0.7714167106503395,0.8441423392033728,0.7863790217099339,0.5989712118215248,0.7890900390255019,0.7855477961121425,tell,9,eddie,0
0.8457465540970049,0.15059103183082248,0.08905088851497384,0.0841366740503809,0.08413972736885272,0.05332675897260059,0.08302471403424963,0.08357494344648375,think,9,eddie,0
0.14348880397660974,0.7827398670070651,0.15379824737679682,0.17076822515171453,0.15773636731311413,0.3995588395778843,0.18781024813539202,0.1605830975439154,try,9,eddie,0
0.03294254099040574,0.9667377791805433,0.05170566705714708,0.05372605831756925,0.05039295634073474,0.7384936248456886,0.06978696393517171,0.04619261337830646,want,9,eddie,0
